id,employer_id,titile,description,benefit,requirement,type,lo Cation,min_salary,max_salary,recruit_num,position,min_yoe,max_yoe,deadline,created_at,updated_at
1,4,Trợ Lý Trưởng Phòng Xuất Nhập Khẩu,"Tư vấn tính năng, tiện ích và bán các sản phẩm điện thoại, máy tính bảng, Macbook tại Showroom. Không phải đi thị trường. Phối hợp cùng team Marketing lên kế hoạch triển khai các Event hàng Tuần, Tháng và chương trình chăm sóc sau Bán Hàng. Các công việc khác được giao từ Quản lý. ","Lương thỏa thuận (Tùy theo năng lực và kinh nghiệm). Ngoài ra còn chính sách thưởng hiệu quả làm việc. Thưởng đột xuất theo thành tích đặc biệt và hoặc các sáng kiến cải tiến trong công việc. Được hưởng đầy đủ quyền lợi của người lao động theo luật hiện hành (Bảo hiểm xã hội, Bảo hiểm y tế). Được hưởng chế độ du lịch cùng Team, thưởng lễ Tết, thưởng theo doanh số kinh doanh của Công Ty. Được tham gia đào tạo nâng  Cao chuyên sâu, chuyên môn và kỹ năng. Cơ hội phát triển bản thân và thăng tiến trong tổ chức. Môi trường làm việc năng động, thân thiện. Có cơ hội làm việc với nhiều đối tác lớn, uy tín. Được hưởng năng suất hàng quý và tăng lương định kỳ. ","Trợ lý Trưởng phòng Xuất nhập khẩu tối thiểu phải tốt nghiệp cử nhân ngành Kinh tế, Ngoại thương hoặc Kinh doanh quốc tế ngành Xuất nhập khẩu hoặc có kinh nghiệm từ 2 năm trở lên trong lĩnh vực này ở vị trí tương đương. Hoặc là dược sĩ và có kinh nghiệm làm việc ở vị trí tương đương. Ưu tiên các ứng viên đã làm việc hoặc tiếp xúc với môi trường làm việc trong lĩnh vực dược phẩm (background kinh tế) hoặc công ty xuất nhật khẩu (background dược). Trường hợp không đáp ứng toàn bộ MTCV và yêu cầu công việc nêu trên vẫn sẽ được đào tạo nhưng cần có ý chí mạnh mẽ, quyết tâm học việc, sự tập trung và khả năng chịu áp lực cao. Có khả năng đàm phán và giao tiếp tốt, chịu áp lực công việc cao. Có năng lực sắp xếp công việc, lên kế hoạch, báo cáo. Có tiềm năng và hướng đến vị trí quản lý, điều hành, đưa ra được các đề xuất giúp phát triển phòng Xuất nhập khẩu tiến xa hơn và gắn với chiến lược công ty. Có khả năng gắn kết, quan tâm, đánh giá và phát triển nguồn nhân lực trong phòng ban phục vụ cho sự phát triển của bản thân mỗi người, công việc và công ty theo giá trị cốt lõi của công ty. Có kỹ năng sử dụng tiếng Anh, đặc biệt là kỹ năng viết tốt. Có kỹ năng phân tích, tổng hợp tốt, đánh giá và đề xuất, tham mưu cho Hội đồng thành viên. Có kỹ năng thuyết trình trước đám đông một cách rõ ràng, dễ hiểu, đạt được hiệu quả  Cao nhất. Quyết đoán trong công việc, dám nghĩ dám làm, dám chịu trách nhiệm. Có phẩm chất đạo đức tốt và trung thực. ",Toàn thời gian,Hồ Chí Minh: 72 Bình Giã,1,5,1,Nhân viên,0,2,9/1/2024,9/1/2024,4/3/2023
2,26,Chuyên Viên Sales / Kinh Doanh,"Lên kế hoạch, triển khai nội dung Fanpage theo Tuần, theo Tháng. Cập nhật nội dung và thông tin hiển thị trên trang Website. Chịu trách nhiệm chính trong việc lên Kế hoạch triển khai cho mỗi dự án. Đảm bảo tiến độ dự án, quản lý các deadline của Content và Design. Đo lường và báo cáo hiệu quả công việc hàng tuần, hàng tháng-Thiết kế Landing page trên nền tảng Ladipage (Không có kinh nghiệm sẽ được training). Phối hợp cùng các bộ phận khác (trong trường hợp cần thiết) để hoàn thành đúng yêu cầu công việc của khách hàng. THỜI GIAN LÀM VIỆC:Từ thứ 2 Thứ 6: 08:00 17:30 , nghỉ trưa từ 12:00 13:30Thứ 7: 8h00 12h00 ","Nhận hoa hồng dễ dàng và  Cao nếu đạt được chỉ tiêu (đạt chỉ tiêu được thưởng từ 03 triệu trở lên). Đóng BHXH theo từng tháng, Hỗ trợ 90 % học phí các khóa học khi học tại BMG. Khám sức khỏe bắt buộc hàng năm, du lịch. Môi trường cực kỳ thân thiện toàn 9X trở lên ","Tốt nghiệp từ Cao đẳng  trở lên
Ưu tiên ứng viên tốt nghiệp khối ngành Kinh tế, Quản trị kinh doanh, Marketing, thương mại,. . . Có từ 3 năm kinh nghiệm Sales, tuổi đời từ 25 tuổi trở lênNhanh nhẹn, có kỹ năng giao tiếp tốt, khả năng đàm phán, thuyết phục khách hàng
Đã từng làm sales giáo dục là một lợi thếCó ngoại hình sángĐam mê bán hàng ",Toàn thời gian,Hồ Chí Minh: 596 Nguyễn Đình Chiểu,2,5,2,Nhân viên,2,2,3/3/2024,3/3/2024,4/3/2023
3,19,"Sales Cum Social Media Liaison Position (Part-Time) [Khu Vực Tây Hồ, Hà Nội]","Tiếp nhận và xử lý các đơn đặt hàng của khách hàng qua 3 kênh: Hotline, Website và Fanpage. Xác nhận đơn đặt hàng với Đối tác. Đảm bảo chính xác thông tin đơn hàng và hạn chế thất thoát đơn hàng. Làm online tại Nhà: Ca 1: Từ 8:00 12:00 Chủ nhật Ca 2: Từ 12:00 17:00 Thứ Bảy và Chủ Nhật Ca 3: Từ 17:00 21:00 Từ Thứ Hai đến Chủ nhật. Yêu cầu đáp ứng được tối thiểu 5 ca 1 tuần và 1 tuần đầu tiên sắp xếp được thời gian có mặt tại Văn phòng để training công việc.","The sales positions are part-time (min 14 hours per week, on Saturday and Sunday)Hourly rate up to 40,000VND/hour, in addition to commission of up to 5% on items sold. For more details on salary and benefits, please submit your cover letter and CV, and we will reach back to you. ","WHO IS THIS POSITION IDEAL FOR Senior university students or freshly graduated persons with a key interest in style, fashion, art, and design. Persons are looking to learn about selling and customer relations. Persons looking for a unique opportunity to work in a non-traditional setting with the possibility of obtaining permanent full-time employment based on performance. Persons are interested in crafts and handwork. Persons with flexible schedules and free for a long-term commitment. REQUIRED:Available for weekend workPositive attitude and friendly demeanorComfortable communi Cating with customersEnthusiastic and ready to learnAdaptable and open-mindedTrustworthy and reliableFluent in both Vietnamese and EnglishGood written and oral communi Cation skills requiredThe ability to work autonomously with limited supervision if necessarySelf-initiating. Ability to work effectively alone and as a functioning member of a teamOrganized, dependable and detail-orientedA love for fashion, design, and handcrafts ",Bán thời gian,Hà Nội: 84 Tô Ngọc Vân,3,8,2,Nhân viên,0,0,7/31/2023,7/31/2023,4/3/2023
4,29,Service Executive,"Thiết kế hình ảnh chủ đạo (key visual) các chiến dịch truyền thông, ra mắt sản phẩm, khuyến mãi. Thiết kế thống nhận diện thương hiệu (logo, package, brochure), ấn phẩm truyền thông (POSM). Thiết kế layout giao diện Website / Mobile App. Hỗ trợ kiểm duyệt & tham vấn cho các thiết kế kỹ thuật số: Social post, Content Website  các kênh E-Commerce. Phát triển & cập nhật hướng dẫn (Guidelines) cho các thiết kếPhối hợp cùng nhóm nội dung đề xuất & hoàn thiện các ý tưởng sáng tạo phần đồ hoạ để phục vụ truyền thông (Key Visual). Chịu trách nhiệm về chất lượng và tiến độ công việc tham gia ","Lộ trình phát triển và thăng tiến rõ ràng với kế hoạch đào tạo bài bản. Ngân sách đào tạo lên đến $5000/năm, bao gồm chi phí tài trợ học & thi các chứng chỉ quốc tế. Hưởng mức lương cạnh tranh, thưởng hấp dẫn trực tiếp từ lợi nhuận Công ty ( Cam kết tối thiểu 14 tháng lương/năm). Gói Bảo hiểm sức khỏe cho bản thân và gia đình lên đến $3000/người. Làm việc trong môi trường chuyên nghiệp, thân thiện với 4 giá trị cốt lõi: Trust, Teamwork, Knowledge & Creativity, Customer. Sống & làm việc cân bằng với 4 giá trị: Heath, Heart, Mind, Spirit cùng chính sách làm việc linh hoạt. Mối quan hệ đồng hành giữa sếp & nhân viên. Công ty là ngôi nhà thứ hai nơi các thành viên sống và làm việc cùng nhau với trái tim nhiệt huyết, chân thành và tinh thần học hỏi không ngừngCác hoạt động văn hóa, giải trí phong phú: Team building, CLB Thể thao, âm nhạc, chương trình Sun-flower, Happy Hour… ","Tốt nghiệp Đại học, chuyên ngành CNTT, Kinh tế, Ngoại thương. Có ít nhất 1 năm kinh nghiệm ở vị trí tương đương trong lĩnh vực CNTT. Có kiến thức liên quan đến chuẩn bị hồ sơ thầu, báo giá, hợp đồngHam học hỏi, nhanh nhẹn, cẩn thận, chịu được áp lực công việc cao. Kỹ năng giao tiếp, làm việc nhóm tốt. Tiếng Anh tốt, TOIEC >= 600. Thành thạo các phần mềm MS Office, internet appli Cation ",Toàn thời gian,Hồ Chí Minh: 2A Phan Thúc Duyện,4,9,1,Nhân viên,0,0,1/17/2024,1/17/2024,4/3/2023
5,20,Nhân Viên Hành Chính Nhân Sự Thu Nhập 10-15 Triệu/Tháng,"Xem video và viết kịch bản. Lời văn trong kịch bản hướng tới khán giả với trải nghiệm cảm xúc tích cực ( Hài hước, vui nhộn , joke kiểu Âu Mỹ, yêu thương, bảo vệ, ngưỡng mộ, cảm phục. . . ). Không dùng từ ngữ toxic, phân biệt chủng tộc, chê bai văn hóa,. . . Làm ONLINE tại nhà, thời gian linh động ","Thu nhập hấp dẫn 10-15 triệu. Ăn trưa tại công ty. Văn phòng làm việc Healthy. Sếp trẻ, đồng nghiệp trẻ, môi trường lv thân thiện. Các chế độ phúc lợi theo quy định của Công ty và nhà nước. ","Trung thực, nhanh nhẹn, giao tiếp tốt, ngoại hình ưa nhìn. Kinh nghiệm 3 năm trở lên. Thành thạo tin học Văn phòng ",Toàn thời gian,Hà Nội: Tầng TTTM AEON Mall,10,15,1,Nhân viên,1,3,11/22/2024,11/22/2024,4/3/2023
6,20,Nhân Viên Marketing (Không Yêu Cầu Kinh Nghiệm Lương Cứng Đến 10 Triệu Thu Nhập Đến 30 Triệu) ,"Tiếp nhận mục tiêu, lên kế hoạch, báo cáo theo các mốc thời gian. Sản phẩm đào tạo: Xây dựng các tài liệu liên quan đến sản phẩm phụ trách: Slide bài giảng, tài liệu, form biểu mẫu đi kèm. Xây dựng content bài báo chuyên môn nhằm xây cộng đồng, phát triển chuyên môn, thương hiệu. Giải quyết các case study từ các CEO, quản lý, lãnh đạo --> kết nối, chăm sóc và tư vấn. Sản phẩm tư vấn quản trị: Thực hiện công tác tư vấn cùng các chuyên gia QTNS theo kế hoạch. Hướng dẫn, đào tạo nghiệp vụ trực tiếp cho HR của đơn vị tư vấn. Xây dựng các tài liệu liên quan đến sản phẩm tư vấn cho các doanh nghiệp phụ trách. Các công việc phát sinh khác theo sự phân công của quản lý. ","Lương cứng: . 000. 000 . 000. 000/tháng.
Thưởng nóng, thưởng tuần, thưởng hoa hồng, thưởng phần trăm theo doanh số (thu nhập 7 30 triệu / tháng).
Được tham gia các các khóa đào tạo kỹ năng và nghiệp vụ của công ty (được training, học hỏi các kỹ năng trên các nền tảng: google, youtube, face book, zalo, tiktok. . . và được tham gia các khóa học về kỹ năng mềm và chuyên môn 1 tháng 2 lần)Được làm việc trong môi trường văn hóa, doanh nghiệp trẻ, năng động, công bằng, thân thiện và chuyên nghiệp.
Ngày nghỉ: Theo quy định Bộ Luật Lao động hiện hành.
Sinh nhật, liên hoan hàng tháng, du lịch 1 lần/năm. Được đi du lịch 1 năm 2 lần, liên hoan công ty 2 tháng 1 lần. Được đóng BHXH đầy đủ. ","Ưu tiên giới tính Nam, độ tuổi (19952003)Có laptop cá nhân.
Biết chỉnh sửa ảnh và video cơ bản. Biết phần mềm cơ bản: word, excel, . . .
Nhanh nhẹn, tư duy tốt và sáng tạo.
Ưu tiên ứng viên có kinh nghiệm chạy ads tối thiểu 3 tháng.
Chưa có kinh nghiệm được đào tạo từ đầu. ",Toàn thời gian,Hà Nội: Văn phòng tầng 3,7,30,10,Nhân viên,0,0,4/11/2024,4/11/2024,4/3/2023
7,4,Nhân Viên Tư Vấn,"Phát triển phần mềm quản trị, mobile app. Tham gia nghiên cứu công nghệ, phân tích, thiết kế sản phẩm. Phối hợp với Designer để triển khai, thiết kế giao diệnPhối hợp với team back-end tích hợp API truy xuất dữ liệu cho app Public ứng dụng lên Appstore ",Tham gia đầy đủ các chế độ theo quy định nhà nướcLương tháng 1. Thưởng theo hiệu quả công việc cuối năm. Xét tăng lương theo năng lực và kết quả công việc ,"Có ít nhất 1 năm kinh nghiệm tư vấn viên ở spa hoặc thẩm mỹ viện. Có đầy đủ kỹ năng: lắng nghe, thuyết phục, khả năng giao tiếp tốt, chốt khách, làm việc theo nhóm. Nhiệt tình, thân thiện, hòa đồng, nhanh nhẹn và có trách nhiệm với công việc. Ngoại hình ưa nhìn, giọng nói chuẩn. ",Toàn thời gian,Lâm Đồng: 136 Hai Bà Trưng,12,25,1,Nhân viên,1,1,2/16/2023,2/16/2023,4/3/2023
8,34,Quản Lý Cửa Hàng Thu Nhập Lên Đến 20 Triệu,"Lĩnh vực: Báo Thể Thao Chuyên tin tức bóng đá, cung cấp data lịch thi đấu, tỷ số trực tuyến, bảng xếp hạng. . . Chịu trách nhiệm tổng thể cho các dự án SEO tìm hiểu, nghiên cứu, phân tích xu hướng thị trường, hiểu và nắm được các sản phẩm/dịch vụ của Công ty cũng như đối thủ để từ đó xây dựng và lập kế hoạch và phát triển hệ thống SEO hiệu quả. Quản lý chi phí của chiến dịch và các chi phí phát sinh khác. Nắm bắt và cập nhật kịp thời xu hướng mới nhất và áp dụng vào SEO. Quản lý, phân công, giám sát, đào tạo đội ngũ phòng SEO. Team có 5 nhân sự chuyên làm SEO (1 Leader, 2 SEO và 2 content) và đội ngũ content out-source. Thực hiện báo cáo phân tích, tổng hợp kết quả SEO, đề xuất các giải pháp, chiến lược SEO mới, nâng  Cao hiệu quả công việc. Lập kế hoạch triển khai dự án SEO. Thực hiện các công việc khác theo sự phân công của cấp trên. Tham vấn và giúp đỡ ban giám đốc tuyển dụng các vị trí như Content và nhân viên SEO. Làm việc từ T2 – T7 (T7 làm nửa ngày, nghỉ Chủ Nhật) ","Vị trí này không yêu cầu phải có kinh nghiệm làm về mảng liên quan Tóc, Mỹ phẩm. . . Sẽ được các ASM/SM trong vùng training, hướng dẫn tận tình để có thể làm quen môi trường 30SHINE nhanh nhất có thểThu nhập từ 10 -20tr/tháng ( lương cứng thưởng doanh số )Tháng nghỉ 4 ngàyĐược xét tăng lương, thăng tiến theo năng lực thực tếĐược hưởng đầy đủ chế độ BHXH, du lịch, nghỉ lễ và thưởng lễ tết. Môi trường làm việc trẻ trung, năng động, được học hỏi nâng cấp bản thân liên tục trong quá trình làmLộ trình thăng tiến: Quản lý salon -> Quản lý vùng -> Quản lý miền -> Giám đốc kinh doanh ","Nam/Nữ từ 24-30 tuổi, Tốt nghiệp từ Cao đẳng trở lên. Trung thực, máu lửa với công việc, teamwork tốt, tin học văn phòng cơ bản ( Word, Excel, Mail ). Ứng viên đã có ít nhất 01 năm kinh nghiệm quản lý trong các nghành cơ sở dịch vụ, bán lẻ. . . Có khả năng chịu được áp lực và giải quyết vấn đề  ",Toàn thời gian,Quảng Ninh: 19 Trần Hưng Đạo,10,20,2,Trưởng chi nhánh,0,0,4/14/2023,4/14/2023,4/3/2023
9,18,Nhân Viên Kinh Doanh Ngành Vận Tải Đường Bộ,"Quản lý tài khoản bán hàng online của công ty trên sàn thương mại điện tử Shopee đăng & tối ưu sản phẩm chuẩn SEO. Trang trí gian hàng, cập nhật thông tin gian hàng và theo dõi lượng truy cập để tối ưu hóa độ hiển thị. Theo dõi các chương trình khuyến mãi và đưa ra các chương trình marketing phù hợp để thúc đẩy tăng doanh số bán hàng. Tổng hợp, phân tích, báo cáo kết quả kinh doanh theo từng chương trình, từng quý. Thu thập, phân tích các dữ liệu liên quan đến xu hướng của thị trường nhằm có những kế hoạch, thích nghi và tối đa hóa tiềm năng bán hàng. ","Lương thỏa thuận theo năng lực. Đóng BHXH, BHYT đầy đủ theo quy định của nhà nước. Tham gia các hoạt động teambuilding, du lịch hàng năm cùng công ty. Môi trường làm việc trẻ, năng động, chuyên nghiệp ","Tốt nghiệp Cao đẳng  , đại học có liên quan : Giao thông vận tải , Quản trị kinh doanh , . . . Yêu cầu Excel thông thạo. Có kỹ năng tổ chức và quản lý tốt, nắm bắt tâm lý và khả năng của các lái xe, điều hành, bố trí, phân công, theo dõi lộ trình lái xe hợp lý nhất. Khả năng xử lý tình huống phát sinh trong quá trình vận chuyển như: Hỏng xe, tai nạn, hàng hóa…Kỹ năng phân tích, thuyết trình & báo cáo tốt. Trung thực, khách quan, có tinh thần học hỏi, cầu tiến và trách nhiệm cao. Chịu được áp lực công việc cao, thời gian làm việc áp lực. ",Bán thời gian,Đà Nẵng: 345 Nguyễn Văn Linh,5,8,2,Trưởng nhóm,0,2,8/8/2024,8/8/2024,4/3/2023
10,27,Nhân Viên Tư Vấn Bán Hàng Đtdđ/Laptop [Fpt Shop 92 Hai Bà Trưng Q. Hoàn Kiếm],"Thực hiện công việc cụ thể, có mục tiêu và thời hạn rõ ràng trong dự án về Web với PHP, Javascript Hướng dẫn và tìm hiểu, thực hành công nghệ, kỹ năng mới Trao đổi với anh chị có kinh nghiệm đi trước để nhận các lời khuyên Nếu bạn là sinh viên năm cuối, có thể tham gia các dự án thật với khách hàng Nhật và Mỹ (với tư cách là nhân viên part-time hoặc chính thức sớm) ","Làm việc tại công ty hàng đầu Việt Nam, lộ trình thăng tiến rõ ràng, luôn không ngừng phát triển cùng với sự lớn mạnh không ngừng của công ty. Lương tháng 13 và thưởng theo hiệu quả KPI hàng quý và cuối năm. Chế độ đào tạo theo chính sách công ty và yêu cầu công việc. Làm việc trong môi trường trẻ chuyên nghiệp, năng động và thân thiện. Tham gia đầy đủ các chế độ BHYT, BHXH, BHTN. Khám sức khỏe định kỳ hàng năm. Thường xuyên tổ chức các chương trình hội thao, hội diễn văn nghệ, tân niên/ tất niên, các hoạt động phong trào văn hóa đoàn thể. . . ","Nam/Nữ, tuổi từ 18 – 20. Tốt nghiệp THPT trở lên. Ngoại hình ưa nhìn. (Nam  Cao 1m67 trở lên. Nữ  Cao 1m55 trở lên). Giọng nói rõ ràng, dễ nghe. Vui vẻ, nhiệt tình, thân thiện. Yêu thích công việc tư vấn, bán hàng. ",Toàn thời gian,Bình Dương: 641 Cách mạng tháng 8,8,15,3,Nhân viên,0,1,2/24/2023,2/24/2023,4/3/2023
11,17,"Thực Tập Sinh Nodejs , Reactjs (Có Lương Trợ Cấp)","Thực hiện công việc cụ thể, có mục tiêu và thời hạn rõ ràng trong dự án về C/C. Tìm hiểu các công nghệ ứng dụng computer vision (Ex : OCR …) Thực hiện phát triển ứng dụng trên nhiều hệ điều hành (Windows, Linux) Tập huấn để tìm hiểu, thực hành công nghệ, kỹ năng mới Trao đổi với anh chị có kinh nghiệm đi trước để nhận các lời khuyên  ","Nhận lương hỗ trợ thực tập 6 triệu trong suốt quá trình thực tập (tương đương 3 triệu/ tháng)Được offer trở thành nhân viên chính thức nếu hoàn thành tốt 2 tháng thực tập với mức lương khởi điểm lên tới 12 triệu/thángĐược tham gia vào phát triển 1 Super App trên Shopify, phát triển kĩ năng sử dụng React JS, NodeJS. Được làm việc và support nhiệt tình bởi các Senior Shopify DeveloperThời gian làm việc 5 ngày/tuần, từ 8h30 đến 17h4. Không khuyến khích OT. Làm việc tại một trong những công ty Magento hàng đầu tại Việt Nam, là đối tác Technology Partner của Magento và Solution Provider cho nhiều khách hàng Magento Enterprise trên thế giới (100% khách hàng nước ngoài). Có cơ hội phát triển kỹ năng thuyết trình, huấn luyện đào tạo qua các buổi chia sẻ, training nội bộ. Nhiều phúc lợi hấp dẫn: 1. 5 ngày nghỉ phép/năm (12 ngày nghỉ phép theo quy định và . 5 ngày nghỉ phép du lịch hàng năm), bảo hiểm, hiếu hỉ, quà sinh nhật, thưởng thâm niên và các phúc lợi khác theo quy định của pháp luật. Môi trường làm việc trẻ trung (95% là 9x), làm hết sức, chơi hết mình. Văn phòng làm việc tiện nghi. Free trà,  Cafe và có tủ đồ uống. Tham gia các chương trình team building, dã ngoại, sinh nhật thành viên, du lịch, từ thiện… do BSS tổ chức thường xuyên. Tham gia các CLB chạy, đá bóng, boardgame, văn nghệ… sau giờ làm việc. Nghỉ hằng năm và các phúc lợi khác theo quy định của pháp luật. ","Độ tuổi: 21 2. Có thể làm FULL TIME. Có khả năng sử dụng 1 ngôn ngữ lập trình bất kỳ (PHP, Java, React. . . ) và có hiểu biết căn bản về lập trình web, Javascript, relational database (MySQL). Ưu tiên ứng viên có kinh nghiệm React JS, GraphQL, Node JSCó khả năng sử dụng những kĩ năng tin học (Google drive, skype, search,. . . ). Tiếng anh cơ bản đọc, hiểu tốt. Tư duy logic tốt, có kỹ năng giải quyết vấn đề và làm việc trong môi trường áp lực  Cao. Yêu thích làm việc với nền tảng thương mại điện tử. Sẵn sàng được đầu với nhiều thử thách, chịu khó dành nhiều thời gian nghiên cứu và giải quyết vấn đề khi được yêu cầu. Khả năng làm việc độc lập hoặc làm việc nhóm, tự chủ động giải quyết các vấn đề trong công việc theo đúng tiến độ và hướng dẫn. Thẳng thắn trao đổi, có trách nhiệm với công việc, tôn trọng đồng nghiệp. ",Toàn thời gian,Hà Tĩnh: Trần PhúThành Phố Hà Tĩnh,0,3,10,Thực tập sinh,0,0,8/20/2024,8/20/2024,4/3/2023
12,28,Chuyên Viên Kế Toán,"Thực hiện công việc cụ thể, có mục tiêu và thời hạn rõ ràng trong dự án phần mềm với công nghệ Blockchain, NFT Hướng dẫn và tìm hiểu, thực hành công nghệ, kỹ năng mới. Trao đổi với anh chị có kinh nghiệm đi trước để nhận các lời khuyên. Nếu bạn là sinh viên năm cuối, có thể tham gia các dự án thật với khách hàng Nhật và Mỹ với tư cách là nhân viên part-time hoặc chính thức sớm. ","Lương 1216tr/tháng phụ cấp thưởng. Được làm việc trong môi trường chuyên nghiệp và năng động. Thu nhập cạnh tranh tương xứng với năng lực. Cơ hội thăng tiến phát triển theo năng lực. Được hưởng đầy đủ các loại BHXH  BHYT  BHTN và các chế độ khác theo quy định Nhà nước. Các chế độ khác: Thưởng, phúc lợi theo quy định của Công ty. ","Tốt nghiệp Đại học các ngành kế toán tài chính. Có kinh nghiệm từ 2-5 năm ở vị trí chuyên viên kế toán. Kỹ năng: Tổng hợp, phân tích, lập báo cáo. Sử dụng thành thạo Word, Excel,. . . và các phần mềm kế toán. Am hiểu về chuẩn mực kế toán các quy định của pháp luật trong lĩnh vực kế toán, thuế các phương pháp hạch toán trong kế toán quản . ",Toàn thời gian,Hồ Chí Minh: 79 Tô Ký,12,16,2,Nhân viên,3,3,9/13/2024,9/13/2024,4/3/2023
13,17,"Nhân Viên Kinh Doanh Ngành Hàng Tiêu Dùng Hà Nội ( Từ Liêm, Cầu Giấy, Thanh Xuân, Đống Đa)","Chịu trách nhiệm tăng trưởng doanh số với sản phẩm giải pháp phần mềm. Tiếp cận khách hàng được giao từ cấp trên, tìm khách mới khi có cơ hội. Chủ động tương tác với tập khách hàng có sẵn để cung cấp thông tin, giải đáp thắc mắc, hướng dẫn khách hàng các tính năng sản phẩm và cách vận hành sản phẩm nhằm mục tiêu đẩy chỉ số active, gia hạn hợp đồng của khách hàng. Tư vấn các giải pháp giúp khách hàng vận hành giải pháp của Bizfly vào công việc kinh doanh có hiệu quả. Sử dụng linh hoạt các công cụ và phối hợp các phòng ban để giải quyết các vấn đề từ phía khách hàng một cách kịp thời và chuyên nghiệp. Tư vấn bán thêm, bán chéo các sản phẩm dịch vụ nằm trong hệ sinh thái của Bizfly cho khách hàng cũ. Thực hiện các công việc khác do cấp trên giao. Phối hợp với các bộ phận khác cập nhật các sản phẩm mới và chính sách mới tới khách hàng. Nghiên cứu, tìm hiểu thị trường công nghệ ở Việt Nam. Thời gian làm việc: 8h00 đến 17h30 (Thứ 2 đến sáng thứ 7) ","Thu nhập: 10 triệu 18 triệu. Thưởng lương tháng thứ 13, các dịp lễ trong năm. Chế độ BHXH, BHYT, BH 24h theo quy định của pháp luật. Tham gia các hoạt động du lịch hàng năm . Làm việc trong môi trường chuyên nghiệp, năng động, ","Có kinh nghiệm trong bán hàng (tạp hóa, cửa hàng, siêu thị, nhà hàng, khách sạn . . ) là một lợi thế. Có Smartphone, xe máy, thành thạo địa bàn. Độ tuổi: 2235 tuổi. Chịu khó, trung thưc, có khả năng giao tiếp tốt. ",Toàn thời gian,Hồ Chí Minh: Cầu Vượt Quang Trung,10,18,3,Nhân viên,1,1,9/5/2023,9/5/2023,4/3/2023
14,24,Thực Tập Sinh Kế Toán Tại Hà Nội,"Chịu trách nhiệm tăng trưởng doanh số với sản phẩm giải pháp phần mềm quản trị doanh nghiệp, thiết kế website,. . . Tiếp cận khách hàng được giao và chủ đông tìm khách mới. Chủ động tương tác với tập khách hàng để cung cấp thông tin, giải đáp thắc mắc, tư vấn khách hàng các tính năng sản phẩm và cách vận hành sản phẩm nhằm mục tiêu đẩy chỉ số active, gia hạn hợp đồng của khách hàng. Sử dụng linh hoạt các công cụ và phối hợp các phòng ban để giải quyết các vấn đề từ phía khách hàng một cách kịp thời và chuyên nghiệp Phối hợp với các bộ phận khác cập nhật các sản phẩm mới và chính sách mới tới khách hàngThời gian làm việc: 8h00 đến 17h30 (Thứ 2 đến sáng thứ 7)","Được tham gia hội thảo về trao đổi chuyên môn, kỹ năng. Được áp dụng chế độ thực tập sinh: trợ cấp xăng xe, ăn uống khi làm việc. Được ưu tiên giữ lại làm việc chính thức khi ra trường. Được đào tạo nâng  Cao kiến thức và kỹ năngLàm việc trong môi trường chuyên nghiệp, năng động và hiện đại. ","Ưu tiên sinh viên năm cuối chuyên ngành Kế toán. Thành thạo vi tính văn phòng. Chịu khó làm việc, học hỏi, sẵn sàng đi công tác xa. Hồ sơ bao gồm: Đơn xin thực tậpSơ yếu lý lịch (có dán ảnh) CMND, bảng điểm và bằng cấp khác (photo không cần công chứng) (Hồ sơ gửi qua đường bưu điện hoặc gửi trực tiếp tại văn phòng Công ty) ",Toàn thời gian,Hà Nội: FPT SHOP 92 Hai Bà Trưng,0,2,2,Thực tập sinh,0,0,4/19/2024,4/19/2024,4/3/2023
15,26,Chuyên Viên Tư Vấn Tài Chính Dự Án Hợp Tác Ngân Hàng Mb Bank [ Móng Cái Quảng Ninh],"Tiếp cận khách hàng được giao từ cấp trên, tìm khách mới khi có cơ hội. Phối hợp với khách hàng thống nhất kế hoạch đào tạo, chuẩn bị tài liệu đào tạo và đào tạo sử dụng dịch vụ cho khách hàng. Thực hiện công việc tư vấn hỗ trợ và giải đáp các vấn đề cho khách hàng qua điện thoại, livechat và xử lý ticket. Chủ động tương tác với tập khách hàng có sẵn để cung cấp thông tin, giải đáp thắc mắc, hướng dẫn khách hàng các tính năng sản phẩm và cách vận hành sản phẩm nhằm mục tiêu đẩy chỉ số active, gia hạn hợp đồng của khách hàng. Tư vấn các giải pháp giúp khách hàng vận hành giải pháp của Bizfly vào công việc kinh doanh có hiệu quả. Sử dụng linh hoạt các công cụ và phối hợp các phòng ban để giải quyết các vấn đề từ phía khách hàng một cách kịp thời và chuyên nghiệp Tư vấn bán thêm, bán chéo các sản phẩm dịch vụ nằm trong hệ sinh thái của Bizfly cho khách hàng cũ. Thực hiện các công việc khác do cấp trên giaoThời gian làm việc: 8h00 đến 17h30 (Thứ 2 đến sáng thứ 7) ","Mức lương cứng 7,000,000 10,000,000 VND Hoa hồng hấp dẫnThưởng theo quý, theo tháng, theo năm và theo chỉ tiêu. Bảo hiểm chăm sóc sức khỏe toàn diệnNhận được sự hỗ trợ tối đa từ cả công ty và đối tác: Chương trình đào tạo và phát triển nguồn nhân lực chuyên nghiệp. Lộ trình thăng tiến rõ ràng sau 3-6 tháng làm việc ","Trình độ: Cao đẳng / Đại học. Ngoại hình: Khá, ưa nhìn. Kinh nghiệm: Tối thiểu 6 tháng hoặc 1 năm trong lĩnh vực sales Ngân hàng/Tài chính/Bảo hiểm (Ưu tiên ứng viên có kinh nghiệm Ban Cassurance). Tác phong: Chuyên nghiệp, nhanh nhẹn. Kỹ năng: Giao tiếp, đàm phán và chăm sóc khách hàng tốt ",Toàn thời gian,Hà Nội: Tầng 14 chung cư Sunrise,7,10,1,Nhân viên,0,1,11/7/2023,11/7/2023,4/3/2023
16,33,Chuyên Viên Kpi (HCM),"Nắm rõ các bước quy trình của dự án về Design & Build để định hướng cho team member thực thi theo các tiêu chí đã được xác lập ngay từ đầu dự án về: Cost-Scope-Time-Quality. Hợp đồng: Tham gia review và đưa ra các ý kiến về điều khoản, điều kiện dự án cùng Quản lý. Tham gia lên kế hoạch và chiến lược thực thi dự án (tổ chức họp, minutes, record, thông tin cho team member, KH và các bên liên quan). Hỗ trợ hoặc kết hợp cùng sale trao đổi với khách hang, nắm được nhu cầu của khách hàng và triển khai tới các team member. Kiểm soát quá trình thi công và chịu trách nhiệm về các yếu tố liên quan đến dự án. Quản lý chất lượng thiết kế và thi công của dự án. Báo cáo về trạng thái thực hiện và kết quả sau cùng của dự án. Đảm bảo chất lượng và sự hài lòng của khách hàng đối với dịch vụ của Công ty. Thúc đẩy tinh thần làm việc và gắn kết team member. Các công việc khác theo yêu cầu của Cấp Quản lý ","Thời gian làm việc 8h-17h từ thứ 2 đến sáng thứ . Lương, phép năm, BHXH, BHYT, Bảo hiểm tai nạn 24h đầy đủ. Tăng lương định kỳ hàng năm, thưởng cuối nămChế độ nghỉ mát, khám sức khỏe, year end party. . . theo chính sách của công ty. Môi trường thân thiện, thoải mái, chuyên nghiệp, được tham gia các khóa đào tạo nâng cao năng lựcPhúc lợi đặc biệt khác dành cho nhân viên thâm niên ","Nữ Kỹ năng tổng hợp báo cáo, phân tích số liệu, xây dựng các tiêu chí công việc. Có ít nhất 12 năm kinh nghiệm làm việc ở vị trí nhân sự, kế toán hoặc các công việc tương đương. Yêu thích làm việc với các con số. Thái độ làm việc tích cực, trung thực, nhanh nhẹn, nhiệt tình và tinh thần trách nhiệm cao ",Toàn thời gian,Hà Nội: 434 Trần Khát Chân,2,9,1,Nhân viên,1,1,11/6/2024,11/6/2024,4/3/2023
17,16,Trưởng Phòng Đào Tạo,"Phát triển Mobile App dự án ADPIA theo yêu cầu của công ty. Phối hợp với đội UI/UX để triển khai giao diện cho Mobile App. Phối hợp với đội lập trình backend để tích hợp các API truy xuất dữ liệu cho Mobile App. Phối hợp với bộ phận phát triển sản phẩm, tham gia phân tích yêu cầu và thiết kế luồng nghiệp vụ người dùng  đóng góp ý tưởng giúp cho sản phẩm tốt hơn. Nghiên cứu và áp dụng các công nghệ mới vào dự án. Tối ưu hóa hiệu suất, xác định và khắc phục sự cố, cải thiện độ ổn định và trải nghiệm người dùng. Thực hiện các công việc khác theo sự phân công của cấp trên. ","Được làm việc trong môi trường trẻ tuổi, năng động, đam mê Game nói chung và Esports nói riêng. Thưởng lợi nhuận, thưởng hiệu quả công việc 10-20% lương. Được đóng BHXH, BHYT, BHTN theo đúng quy định của Luật lao động. Lương tháng thứ 13, thưởng Lễ, Tết, các dịp đặc biệt trong năm. Tổ chức sinh nhật hàng tháng, du lịch tối thiểu 1 lần/ năm. Được cấp tài khoản giảm giá với mức siêu ưu đãi tại chuỗi Cyber Vikings. Được giao lưu với các pro Player, KOL trong ngành Esports. ","Tốt nghiệp đại học trở lên chuyên ngành Quản trị nhân sự, sư phạm, Quản trị kinh doanh hoặc các chuyên ngành khác có liên quan. Tối thiểu 3 năm kinh nghiệm đảm nhiệm công tác đào tạo. Ưu tiên ứng viên đã có kinh nghiệm về đào tạo nội bộ tại các hệ thống chuỗi Cyber, nhà hàng, khách sạn hoặc mô hình các chuỗi dịch vụ khác. Am hiểu công tác đào tạo, quy trình đào tạo trong doanh nghiệp. Có kỹ năng đứng lớp dẫn giảng. Biết sử dụng, có kinh nghiệm vận hành các nền tảng công nghệ và phương pháp đào tạo công nghệ mới trong đào tạo (Zoom, Google classroom,. . . . )Kỹ năng tổ chức, sắp xếp và điều hành công việc tốt. Kỹ năng thuyết trình, giao tiếp tốt. Ưu tiên ứng viên có khả năng sử dụng phần mềm thiết kế hình ảnh cơ bản để thiết kế bài giảng. Có khả năng xây dựng, tổ chức và trực tiếp thực hiện các khóa đào tạo nội bộ cho công ty. Ưu tiên các ứng viên có khả năng đào tạo một số nghiệp vụ văn phòng hoặc kỹ năng mềm. Chủ động, nhanh nhẹn, năng động, có tinh thần học hỏi, sáng tạo trong công việc. Tác phong làm việc chuyên nghiệp, tận tâm. ",Toàn thời gian,Hà Nội: Cầu Giấy,12,20,1,Trưởng nhóm,2,3,10/14/2024,10/14/2024,4/3/2023
18,21,Kế Toán Tổng Hợp,"Hỗ trợ tổ chức lớp học và hỗ trợ giảng viênHỗ trợ tổ chức sự kiện, chuẩn bị trang thiết bị và hỗ trợ setup. Quản lý, sắp xếp trang thiết bị, theo dõi số lượng và báo cáo. Tìm kiếm nhà cung cấp, lập bảng so sánh, tổng hợp báo giá nhà cung cấp. Chỉnh sửa và thiết kế hình ảnh, audio, video… Dịch thuật các tài liệu tiếng Anh ","Môi trường làm việc chuyên nghiệp, năng động. Được rèn luyện và trao dồi kinh nghiệm và kỹ năng. Đóng đầy đủ BHXH, BHYT, BHTN theo quy định của Nhà nước sau 2 tháng làm việc. Hưởng đầy đủ chính sách phúc lợi của công ty: Thưởng các dịp lễ, tết, lương tháng thứ 13  Teambuilding, du lịch thường niên. Được cấp trang thiết bị đầy đủ để phục vụ và nâng  Cao hiệu quả công việc. Được đề xuất ý kiến trao đổi với Ban Tổng giám đốc để thực hiện công việc được hiệu quả hơn. ","Tốt nghiệp Cao đẳng  trở lên chuyên ngành tài chính kế toán. Ít nhất kinh nghiệm 3 năm trong lĩnh vực kế toán tổng hợp ở các công ty sản xuất lớn trênThành thạo tin học văn phòng. Cẩn thận, chăm chỉ, có trách nhiệm trong công việcChịu được áp lực công việc ",Toàn thời gian,Hà Nội: Từ Liêm,0,5,1,Trưởng nhóm,3,3,5/10/2024,5/10/2024,4/3/2023
19,25,Nhân Viên Trade Marketing Tại Hà Nội,"Design, development, implementation and maintenance of mission criti Cal appli Cations using C#, . NET Core, Entity Framework Core, and SQL technology or other cloud environment on a variety of devices: desktop, mobile, and tablet. Work on bug fixing and improving appli Cation performance. To be trained or self-train on new technologies. Manage workflow, estimating efforts, and meeting deadlines on multiple, simultaneous projects ","Thu nhập: 10-13tr/thángLàm việc thừ T2-t6. Môi trường làm việc năng động, trẻ trung mang tính chia sẻ và hỗ trợ rất tốt từ các đồng nghiệp. Được đào tạo và tham gia các khóa đào tạo chuyên nghiệp về quản lý, nâng  Cao kiến thức và kĩ năng của bản thân. Chế độ phúc lợi vào các ngày lễ tết, du lịch hàng năm theo chế độ chung của công ty. Hỗ trợ ăn trưaĐược đóng đầy đủ BHYT, BHXH theo quy định chung của nhà nước. ","Tốt nghiệp Cao đẳng , Đại học chuyên ngành Marketing, Dược, Kinh tế, Quản trị Kinh doanh,…. hoặc chuyên ngành liên quanHiểu biết về trưng bày, POSM, vật liệu POSMCó kỹ năng phân tích thông tin / số liệu, tư duy logic, nghiên cứu thị trường và quản trị marketing tốt. Ưu tiên các ứng viên có kinh nghiệm trong ngành dược phẩm ",Toàn thời gian,Hà Nội: Thanh Xuân,0,2,1,Nhân viên,1,1,6/21/2024,6/21/2024,4/3/2023
20,11,Nhân Viên Marketing Thu Nhập 15 20 Triệu,"Thị trường Âu Mỹ, mô hình B2C80% khối lượng công việc là Creative, 20% là các chuyên môn mở rộng khác như nghiên cứu khách hàng, quảng  cáo . . . Lên ý tưởng, lập kế hoạch sáng tạo nội dung cho các chiến dịch Marketing. Viết nội dung social, kịch bản video, email marketing, content ads . . . Làm việc nhóm với  Các designer, digital marketer khác để triển khai kế hoạch Marketing/ Nghiên cứu thị trường, đối thủ và người dùng để nắm bắt xu hướng, tìm ra các insight, idea quảng cáo hiệu quả. Báo  Cáo trực tiếp cho CEO ","Lương khởi điểm 10 1. tr/tháng thưởng kinh doanh thu nhập từ 15 20trTham gia các hoạt động Team Building, khảo sát tour, khảo sát sản phẩm, nghỉ mát hàng năm…. Được công ty đào tạo những kỹ năng mềm cần thiết trong công việc nhằm gia tăng khả năng và kết quả làm việc
Được hưởng đầy đủ quyền lợi theo Luật Lao động, Luật BHXH
Môi trừơng làm việc năng động trẻ trung, có nhiều cơ hội thăng tiến trong công việc ","Có chuyên môn hiểu biết và kinh nghiệm triển khai các công cụ để phụ vụ quảng cáo trên mạng xã hội, facebook, Fangape ,diễn đàn. . . Có khả năng làm việc độc lậpNhiệt tình, có trách nhiệm với công việc ",Toàn thời gian,Hồ Chí Minh: 2b Phan Thúc Duyện phường 4 Tân Bình HCM,15,20,2,Nhân viên,0,1,9/24/2024,9/24/2024,4/3/2023
21,30,Chỉ Huy Trưởng Mep,"Trách nhiệm : Chịu trách nhiệm chính về ghi sổ kế toán, lập báo cáo tài chính, báo cáo thuế và các nghiệp vụ liên quan. Thực hiện tính và lập bảng lương hàng tháng  hỗ trợ các thủ tục liên quan đến BHXH: báo tăng, báo giảm,. . . Thực hiện kê khai và quyết toán thuế theo quy định Nhà nước và yêu cầu khách hàng. Thực hiện quy trình điều chỉnh cuối năm: kê khai thuế, lập báo cáo B/S, P/L, C/F. . . Tư vấn thuế VAT, CIT, FCT, PIT (đặc biệt cho người nước ngoài). Dịch vụ hoàn thuê VAT, đóng cửa công ty và văn phòng đại diện. Làm việc và cung cấp dữ liệu cho kiểm toán cuối năm tài chính. Làm việc, giải trình số liệu với cơ quan thuế khi có yêu cầu  ","Lương thỏa thuận,  Cao, cạnh tranh (25-35 triệu). Nâng lương định kỳ. HĐLĐ, BHXH, BHYT, bảo hiểm tai nạn 24/2. Thưởng theo hiệu quả công việc. Phụ cấp đi tỉnh hấp dẫn (60. 000-100. 000/ ngày). Du lịch, thưởng các dịp lễ. , tết… Đãi ngộ & phúc lợi hấp dẫn: sinh nhật, thâm niên, hiếu hỉ… Môi trường làm việc chuyên nghiệp & thân thiện. Văn hóa doanh nghiệp chuẩn mực. ","Trình độ: Tốt nghiệp Cao đẳng , Đại học trở lên. Độ tuổi: 28-40 tuổi. Kinh nghiệm đã từng thi công hệ thống điện, nước hạ tầng, ít nhất 2 dự án với quy mô > 20 hecta. Có chứng chỉ hạng I về hạ tầng kỹ thuật cơ điện. Kỹ năng: Giao tiếp, giải quyết vấn đề, lập kế hoạch, tổ chức công việc, lãnh đạo nhân viên, kiểm tra công việc. ",Toàn thời gian,Quảng Ninh: TP Móng Cái,25,35,1,Quản lý,0,2,4/15/2024,4/15/2024,4/3/2023
22,5,Thực Tập Sinh Hành Chính Nhân Sự,"Growth Marketing– Develop a plan and detail the implementation of the search for new Growth MKT channels for customer or driver acquisition – Connect with MKT teams and other departments (Product, Business Development, Operations…) to develop customer or driver development strategies – Research, test and develop new customer acquisition channels, new forms of customer search with optimal costs and advertising effectiveness. Branding– Create & execute Brand strategy by defining brand purpose– Create and build metric for MKT  Campaign in collaboration with sales team or drivers team– Coordinate internal resources ( Design, Content, Pr ) and external agencies to make sure they’re respecting the brand purpose and guidelines– Analyze competitor situation and create attractive positioning– Brand Crisis Management– Assist Marketing Manager in other tasks upon assignment. ","Hỗ trợ phí thực tập. Làm việc trong môi trường chuyên nghiệp, năng động, đồng nghiệp trẻ trung và giàu nhiệt huyết. Được hướng dẫn đào tạo trong quá trình thực tập. Được hỗ trợ dấu mộc khi hoàn thành khóa thực tập. Có cơ hội trở thành nhân viên chính thức sau quá trình thực tập nếu năng lực phù hợp ","Sinh viên năm 3-4 chuyên ngành nhân sự hoặc các chuyên ngành liên quanSử dụng tốt các phần mềm tin học văn phòngNhiệt tình, chăm chỉ, hoà đồng. Làm ít nhất 3 tháng ",Thực tập,Hồ Chí Minh: Hoàng Văn Thụ,1,5,2,Giám sát,0,0,5/21/2024,5/21/2024,4/3/2023
23,14,Automation Test Làm Nghiệp Vụ Ngân Hàng (Upto 28M Net),"Tìm kiếm khách hàng có nhu cầu sử dụng dịch vụ vận chuyển bằng xe tải của Ahamove. Chủ động xác định, xây dựng chiến lược duy trì mối quan hệ với khách hàng tiềm năng chính để nâng  Cao hiệu quả kinh doanh. Xây dựng chiến lược phát triển bằng các chương trình ưu đãi hàng ngày, triển khai các chiến dịch khuyến mãi cho khách hàng, xây dựng chiến lược tăng trưởng cho các ngày Lễ/ Sự kiện lớn. Hỗ trợ Phát triển sản phẩm để cải tiến tối ưu hơn (bổ sung dịch vụ). ","Làm việc từ thứ 2 đến thứ 6, nghỉ thứ 7, CNCó mức lương hấp dẫn tương xứng với năng lực làm việc của bạn: 18,000,000VNĐ 28,000,000VNĐ Net/ tháng. Không có chế độ thử việc, nhận full lương NET và đóng BH ngay từ tháng đầu nhận việc cố định 13 tháng lương Net/ năm, review lương lên đến 3 lần/nămĐược tham gia vào các dự án lớn của Ngân hàngCó lộ trình phát triển, thăng tiến rõ ràng đánh giá theo level nhân sự từ member => key member => TeamleadThưởng lễ tết. . . Quy đổi phép thành tiền/ cộng dồn phépCó cơ hội tiếp cận và học hỏi công nghệ mới (AI, Lo Cation Tracking, Realtime…). Môi trường công bằng, đảm bảo mọi người đều có thể phát huy hết khả năng của mìnhĐược làm việc với những cá nhân xuất sắc, có nhiều kinh nghiệm. Được hưởng Bảo hiểm xã hội, Bảo hiểm y tế, Bảo hiểm thất nghiệp theo chế độ nhà nước ban hành. Teambuilding 3 tháng 1 lần, Bóng đá 2 trận/1 tuần, Liên hoan ăn uống ""triền miên ""Khám sức khỏe định kỳ 1 năm/1 lần và Chế độ du lịch hàng năm ","Có tối thiểu . 5 năm kinh nghiệm automation test. Có kiến thức tốt về các phương pháp kiểm thử phần mềm, các công cụ kiểm thử tự động và quy trình kiểm thử phần mềm. Có kiến thứcvà kinh nghiệm trong việc xây dựng, phát triển các framework kiểm thử tự động bằng các tools ( Selenium, Katalon…). Thành thạo automation test, viết kịch bản với bất kì ngôn ngữ lập trình hướng đối tượng nào (Java, PHP, . NET, NodeJS. . . . ). Có khả năng làm việc nhóm, luôn sẵn sàng hỗ trợ các thành viên khác trong dự án. ",Toàn thời gian,Hà Nội: 189A Nguyễn Ngọc Vũ,18,28,3,Thực tập sinh,2,2,4/14/2023,4/14/2023,4/3/2023
24,17,Nhân Viên Kinh Doanh,"Tìm kiếm khách hàng mới có nhu cầu giao hàng qua các kênh Offline, Online trên địa bàn tỉnh Bình Dương nhằm tư vấn và thuyết phục khách hàng sử dụng dịch vụ vận chuyển của Ahamove Khảo sát nhu cầu và tư vấn trực tiếp cho khách hàng tại khu vực tỉnh chịu trách nhiệm Duy trì mối quan hệ và chăm sóc khách hàng cũ, vận dụng linh hoạt các chính sách ưu đãi dành cho khách hàng để giữ chân và phát triển khách hàng Tìm hiểu nguyên nhân khách hàng chưa hài lòng về dịch vụ để cải thiện dịch vụ Lưu trữ dữ liệu và bàn giao khách hàng theo đúng quy trình của Ahamove Quảng bá hình ảnh thương hiệu Ahamove tới các khách hàng tại thị trường tỉnh Tương tác với các phòng ban để giải quyết sự cố, xây dựng và phát triển hình ảnh Ahamove. ","Tổng thu nhập trao đổi trong quá trình phỏng vấn (Lương Thưởng KPIs). Thưởng theo hiệu quả kinh doanh của Công ty, thưởng các dịp Lễ Tết (27/2, sinh nhật công ty, 30/04 & 01/05, 02/09, tết dương lịch) và tháng lương 13. Phụ cấp tiền ăn: 40. 000 VNĐ/ bữa, phụ cấp trách nhiệm, xăng xe,… Chế độ du lịch trong và ngoài nước cho CBNV. Chế độ chăm sóc sức khỏe cho bản thân và người thân (Chồng con và Tứ thân phụ mẫu) hằng năm bởi hệ thống y tế MEDLATEC GROUP Các chế độ BHXH, BHYT theo đúng quy định của Luật lao động. Được đào tạo bài bản về nghiệp vụ y khoa và các kỹ năng mềm. Môi trường chuyên nghiệp, nhiều cơ hội thăng tiến. ","Tốt nghiệp cao đăng trở lên có liên quan đến chuyên ngành Quảng Trị Kinh Doanh hoặc Marketing. Ưu tiên ứng viên nữ, có ít nhất 1 năm kinh nghiệm tại các công ty, đơn vị trong lĩnh vực nhập khẩu, y tế. Tiếng anh giao tiếp (chú trọng kỹ năng nói và viết) ",Toàn thời gian,Hồ Chí Minh: 913 Trường Chinh,7,9,2,Nhân viên,0,0,3/21/2024,3/21/2024,4/3/2023
25,25,"Chuyên Viên Telesales /Tư Vấn Sản Phẩm Giáo Dục (Lương Cứng 7 11 Triệu, Thu Nhập 13 30 Triệu, 100% Sẵn Data Nóng)","Build, deploy, manage, operate, maintain and improve automation tools to support work. Prepare periodic and non-recurring reports. Support other employees/departments with requests for data extraction, statistics, and analysis conduct data-driven studies/surveys to make recommendations on operational plans. Research and make recommendations on technology appli Cation into operation to increase productivity, reduce workload, and optimize operational processes. Perform other duties as required by the direct manager. ","Lương cứng theo năng lực (từ 7 -11 triệu hoa hồng hấp dẫn 4 7%)
Thu nhập cạnh tranh (từ 13 30 triệu/tháng)
Đánh giá điều chỉnh tăng lương 3 tháng/lần, có cơ hội phát triển thăng tiến lên các vị trí  Cao
Thử việc được hưởng 100% Lương cứng và hoa hồng
Được cung cấp nguồn Data nóng có sẵn, tỷ lệ chốt  Cao.
Ngoài ra còn có các mốc thưởng hấp dẫn đi kèm: thưởng nóng, thưởng Best sale, thưởng tăng tốc theo ngày, tuần, tháng, năm
Được đào tạo thường xuyên từ các Chuyên gia tư vấn Tuyển sinh/Đào tạo hàng đầu thị trường.
Được đại diện Công ty EDUPIA cung cấp sản phẩm chất lượng, uy tín có thương hiệu lớn hàng đầu Việt Nam
Được tặng bộ sản phẩm học Tiếng Anh online trọn đời ngay khi nhận việc tại Edupia, giá trị tương đương . 200. 000 đồng.
PHÚC LỢI KHÁC:
Thưởng tháng 13, ngày Lễ/ Tết
Được tham gia đầy đủ BHXH theo quy định luật lao động
Du lịch hàng năm với địa điểm hấp dẫn, thường xuyên tổ chức các hoạt động team building gắn kết cộng đồng, các hoạt động vui chơi giải trí cho nhân viên.
Môi trường làm việc trẻ trung, năng động, văn phòng đẹp, tiện nghi, hiện đại, đề  Cao giá trị tập thể và tôn trọng sự phát triển của mỗi cá nhân. ","ĐỘ TUỔI : Dưới 30 tuổi, tốt nghiệp Cao đẳng  trở lên
Trên 6 tháng kinh nghiệm Telesale/Tư vấn tuyển sinh (trong lĩnh vực như: Giáo dục, ngân hàng, bảo hiểm, sale dược, spa, tư vấn tài chính, chứng khoán, xuất nhập khẩu, Logistics . . . . . . ) trong năm 2021-2022
Tinh thần thái độ tốt, ngoan , chăm chỉ
Tư duy nhanh nhẹn
Đam mê kiếm tiền, mục tiêu phát triển sự nghiệp trong nghề Telesale/Tư vấn tuyển sinh.
Sẵn sàng lăn xả để có mức thu nhập  Cao. Ứng viên làm việc tại Hà Nội ",Toàn thời gian,Hà Nội: 117 Trần Duy Hưng,13,30,30,Nhân viên,0,1,4/19/2024,4/19/2024,4/3/2023
26,29,Thiết Kế UI/UX (8-12Tr),"Assisting the implementation of all stages of the training process and policy (from needs analysis, and planning to organization and evaluation of training effectiveness). Assisting in the development of training materials (slides, exams), as well as media image and video design. Tracking and management data related to learning activities. Supporting the operation of the E-learning system Supporting other tasks when required. ","Mức lương cứng thỏa thuận: 10-12 triệu. Phụ cấp ăn trưa, gửi xe theo quy định. Các chế độ Bảo hiểm xã hội, ngày nghỉ lễ tết phép thực hiện đầy đủ theo như luật lao động quy định. Tham gia các Câu lạc bộ dưới sự tài trợ chính thức của Công ty: CLB Bóng đá, các CLB Game, tham gia các bữa tiệc, hoạt động ngoại khóa của công ty . . . Tham gia các buổi Happy hour ăn nhẹ cùng nhân viên trong công ty hàng tuần. Được tham gia các buổi đào tạo định hướng, đào tạo hội nhập do công ty thuê các chuyên gia về đào tạo hàng tuần cho nhân viên. Thưởng cuối năm theo kết quả công việc của nhân viên và kết quả kinh doanh của công ty. Tặng quà sinh nhật hiếu hỉ đầy đủ theo quy định của công ty. Du lịch/nghỉ mát/teambuiding 2 -3 lần/năm (Nghỉ hè, thu, đông). Thời gian làm việc: 8h15-17h30, Thứ 2 - Thứ 6 và Thứ 7 cách tuần nghỉ chủ nhật. ","Tốt nghiệp cao đẳng trở lên, chuyên ngành thiết kế. Có ít nhất 1 năm kinh nghiệm ở vị trí tương đương. Có khiếu thẩm mỹ khá, nhận diện và biết sắp xếp bố cục hợp lý. Có kinh nghiệm đánh giá thông qua Portfolio về UI/UX ",Toàn thời gian,Hà Nội: Số 55 Trần Khát Chân,10,12,1,Nhân viên,0,0,3/28/2024,3/28/2024,4/3/2023
27,13,Cộng Tác Viên Chương Trình Giáo Dục Toán Tiếng Việt Tại Hà Nội ( Bán Thời Gian -Online) ,"Tìm kiếm, thuyết phục các doanh nghiệp chuyên về lĩnh vực vận tải để ký hợp đồng hợp tác cung cấp các loại hình xe cho Aha. Giữ connect, gặp mặt các đội nhóm tài xế xe tải, hỗ trợ chăm sóc, tư vấn trên các nhóm tuyển dụng tài xế. Trao đổi với các team, các phòng ban liên quan để duy trì quan hệ với các doanh nghiệp vận tải tại các khu vực Ahamove hoạt động để có thể ký hợp đồng khi cần. Phối hợp thực hiện các hoạt động tuyển dụng tài xế tại các khu vực. ","Lương : 35k/giờ. Làm việc trong môi trường công bằng, chuyên nghiệp, minh bạch. Được học hỏi và phát triển chuyên môn. Có cơ hội nhận chính thức làm việc tạp tập đoàn lớn ","Thiết kế bài tập, bài ôn tập, kiểm tra đánh giá theo chuyên đề. Sinh viên chuyên ngành sư phạm tiểu học, sư phạm toán, sư phạm văn, hoặc các chuyên ngành liên quan. Có kinh nghiệm giảng dạy môn Toán và/hoặc Tiếng Việt chương trình tiểu học là một lợi thế. Đảm bảo hoàn thành công việc đúng thời hạn. Nhanh nhẹn, linh hoạt, sáng tạo tốt ",Bán thời gian,Bình Định: Phù Cát,3,8,10,Nhân viên,0,0,3/31/2023,5/13/2023,4/3/2023
28,36,Nhân Viên Kinh Doanh (Thu Nhập Từ 10 20 Triệu),"Hỗ trợ trong tất cả các hoạt động của quy trình tuyển dụng như: đăng công việc trên các trang web tuyển dụng, liên hệ với ứng viên, chào đón các ứng viên, sắp xếp các bài kiểm tra và lập lịch phỏng vấn, nhập dữ liệu, v. v. Tham gia quá trình tuyển dụng cho các vị trí non-tech Xây dựng cơ sở dữ liệu ứng viên Tham gia vào các hoạt động xây dựng thương hiệu của nhà tuyển dụng với các trường đại học, Cao đẳng  & tổ chức giáo dục Hỗ trợ thực hiện các chương trình, sự kiện nội bộ Các yêu cầu hành chính khác từ quản lý trực tiếp. ","Được hưởng đầy đủ các chế độ theo quy định Bộ Luật Lao động và theo quy định của Công ty: đóng BHXH 100% sau thử việc, thưởng lễ, tết, sinh nhật, hiếu, hỉ, nghỉ mát hàng năm theo quy định
Môi trường làm việc chuyên nghiệp, năng động, thân thiện
Thu nhập từ 10-20 triệu
Thời gian làm việc: 8h00 17h30 từ Thứ 2 -> sáng Thứ 7 hàng tuần, nghỉ trưa 1h30p
Nghỉ lễ nghỉ Tết theo quy định của nhà nước, lương tháng 1. ","Tốt nghiệp Trung cấp trở lên các chuyên nghành kinh doanh, kế toán, nhân sự,….
Nhanh nhẹn, có khả năng thuyết phục, đàm phán,
Thành thạo tin học văn phòng cơ bản
Yêu thích kinh doanh, nhiệt tình, độc lập
Không yêu cầu kinh nghiệm, tuổi từ 20 đến 35 tuổi. ",Toàn thời gian,Hồ Chí Minh: 577 Nguyễn Thị Thập,10,20,5,Thực tập sinh,0,0,3/30/2023,7/30/2023,4/3/2023
29,26,Chuyên Viên Kế Toán Thuế (10-15 Triệu),"Quản lý tài sản XE ĐIỆN: Quản lý việc thẩm định hồ sơ tài xế thuê xe điện (giấy tờ thông tin cá nhân, nhà cửa hộ khẩu, nhân thân gia đình). Ký hợp đồng cho thuê và bàn giao xe cho tài xế thuê. Quản lý xe trong cửa hàng và trong kho của công ty. Kiểm tra và thu hồi xe khi tài xế không thuê nữa. Tuyển dụng, đào tạo mới tài xế chạy dịch vụ XE ĐIỆN: Phối hợp với các phòng ban để đảm bảo số lượng tài xế tuyển dụng mới cho dịch vụ xe điện tại Đà Nẵng. Phối hợp với nhân sự tại Đà Nẵng hướng dẫn đào tạo tài xế chạy dịch vụ XE ĐIỆN về quy trình. Chịu trách nhiệm và báo cáo trực tiếp vận hành theo tuần, tháng các chỉ số vận hành. Quản lý đội tài xế chạy XE ĐIỆN, Đảm bảo các chỉ số vận hành và chất lượng của dịch vụ XE ĐIỆN: Theo dõi sát sao trong quá trình đội tài xế thực hiện quá trình giao hàng bằng xe điện. Tạo nhóm liên hệ và hỗ trợ tài xế trong quá trình chạy. Thu thập ý kiến của tài xế về XE ĐIỆN trong quá trình chạy, đề xuất lại với trưởng bộ phận tối ưu quy trình và phương tiện. Theo dõi và kiểm tra tài xế sử dụng đúng mục đích xe cho quá trình giao hàng  kiểm tra chặt chẽ và nâng  cao chất lượng phục vụ khách hàng Đảm bảo các chỉ số vận hành: tỉ lệ hoàn thành đơn, hủy chuyến, đúng giờ. Điều phối tài xế chạy đơn để đảm bảo hiệu quả vận hành ","Dải lương: 10 15 triệu/tháng. Tham gia đầy đủ bảo hiểm và các chế độ khác theo Luật. Được thưởng lợi nhuận vượt, lương tháng 1. Hỗ trợ ăn trưa, chi phí gửi xe. Được học tập các khóa học chuyên sâu và phát triển bản thân. Cơ hội thăng tiến lên vị trí cao hơn. Tham gia du lịch/teambuilding, year end party,…Và nhiều chế độ hấp dẫn khác","Tốt nghiệp Cao đẳng  trở lên, chuyên ngành tài chính, kế toán hoặc các chuyên ngành có liên quanTối thiểu 2 năm kinh nghiệm vị trí kế toán. Ưu tiên có kinh nghiệm làm lĩnh vực sản xuấtCó kỹ năng sử dụng tin học văn phòng (excel)Cứng rắn, nguyên tắc, trung thực, cẩn thận ",Toàn thời gian,Hà Nội: Lê Văn Lương,10,15,1,Nhân viên,2,2,3/31/2024,6/1/2024,4/3/2023
30,35,Thực Tập Sinh Tiềm Năng Phòng Hỗ Trợ Tín Dụng / Trung Tâm Hỗ Trợ Và Xử Lý Tín Dụng Tập Trung Miền Bắc / Khối Vận Hành,"Nhận data khách hàng và chuyển đổi trở thành khách hàng sử dụng thành công dịch vụ AhaMoveTìm kiếm khách hàng mới qua các kênh phương tiện truyền thông (facebook, zalo, google, Shopee, Lazada. …). Đảm bảo thời gian xử lý, hỗ trợ khách hàng theo SLA của công tyPhân chia, quản lý tập khách hàng, tối đa hoá doanh thu và quản lý chi phí khuyến mãi cho khách hàng trong ngân sách sẵn có. Lập kế hoạch kinh doanh & Báo cáo kết quả kinh doanh hằng tuần/ tháng / quý. Hỗ trợ đào tạo nhân viên mới ","Được ưu tiên xét duyệt tuyển dụng các vị trí căn cứ trên đánh giá năng lực khi kết thúc quá trình TTS tại VPBank. Được hưởng thù lao, cơ chế khen thưởng cho TTS sau mỗi kỳ đánh giá. Được tham gia các khóa đào tạo bài bản, chuyên sâu bởi các chuyên gia trong lĩnh vực Tài chính – Ngân hàng. CÁC VÒNG TUYỂN CHỌN: Vòng 1: Sơ tuyển hồ sơ; Vòng 2: Kiểm tra năng lực thông qua bài Test; Vòng 3: Phỏng vấn; Vòng 4: Gia nhập VPBank ","Yêu cầu chung: Sinh viên Đại Học chính quy năm 2 trở lên các chuyên ngành Kinh tế, Tài chính, Ngân hàng hoặc các chuyên ngành tương tự. Có tinh thần học hỏi và nhiệt huyết trong công việc. Khả năng tư duy hệ thống, giao tiếp và làm việc nhóm. Ưu tiên: Sinh viên nhận các giải thưởng/sáng kiến được ghi nhận bởi các trường Đại học. Sinh viên ưu tú được các trường Đại học ghi nhận. Tham gia năng nổ các hoạt động đoàn thể, hoạt động ngoại khóa ",Thực tập,Hà Nội: Số 9 Nguyễn Xiển,1,2,1,Nhân viên,0,0,1/3/2023,4/8/2023,4/3/2023
31,23,Kế Toán Tổng Hợp (Nam) Văn Phòng Bắc Từ Liêm,"Tiến hành giới thiệu việc làm đối tác tài xế tại Ahamove đến người lao động thông qua danh sách có sẵn, hỗ trợ người lao động trở thành Đối tác tài xế của Ahamove qua điện thoại và các kênh online khác. Phụ trách hỗ trợ xử lí hồ sơ tài xế trên hệ thống. Phối hợp với các bộ phận liên quan về việc truyền thông các chương trình/khảo sát đến đối tác giao hàng (nếu có) Báo cáo trực tiếp công việc daily, weekly cho quản lý trực tiếp. ","Thu nhập từ 1. 000. 000 đ 1. 000. 000 đ / tháng+ Thời gian làm việc : Từ thứ 2 đến hết sáng thứ 7. Được thưởng tháng 13. Thưởng hiệu quả kinh doanh cuối năm. Thưởng theo thâm niên. Hỗ trợ ăn trưa: 30k/ngày. Gửi xe miễn phí. Được tham gia BHXH. Hưởng 12 ngày phép/năm. Thưởng các ngày lễ, tết, sinh nhật (1/1, 30/4,1/5,1/6, 2/9, Trung thu, 8/3, 20/10). Được chế độ cho Tứ thân Phụ mẫu, cho vợ (chồng) và cho con. Được đào tạo nâng  Cao chuyên môn, nghiệp vụ. Du lịch hằng năm. Được làm việc trong môi trường chuyên nghiệp, trẻ trung, năng động. ","Tốt nghiệp chuyên ngành kế toán, tài chính. Có từ 02 năm kinh nghiệm ở vị trí tương đương. Có kỹ năng tốt về tin học văn phòng. Trung thực, chủ động, có trách nhiệm, có khả năng làm việc nhóm. ",Toàn thời gian,Hà Nội: số 10 ngách 2 ngõ 108 Thái Hà,12,15,2,Thực tập sinh,1,1,3/17/2023,8/21/2023,4/3/2023
32,32,Chuyên Viên Hành Chính Nhân Sự Đà Nẵng,"About the Role The Strategy & Planning (S&P) team shapes our strategic approach nationwide and coordinates actions across Operations, Platform, Enterprise, Customer Excellent, and other functional teams. The team is responsible for leading governance, the annual planning cycle, quarterly strategy refresh, and our competitive strategy and response. Additionally, the team is uniquely positioned as an incubator for strategic bets which histori Cally have involved launching key products and partnerships. What the  Candidate Will Do in this role reports to the VP of Delivery. He/She will have high visibility with senior leadership and a seat at the table for criti Cal meetings and decisions  He/She will be a key partner to the VP of Delivery as a facilitator, advisor, creator, and executor of corporate, operating, and competitive strategy. She/He will be at the nexus of information within internal business partners at a global, regional and lo Cal level. Key responsibilities will include: Strategy Work closely with the leadership team to co-create, align and iterate on the overall vision & strategy for the Delivery department. Planning: Support annual and quarterly planning while working to build out operational reporting, objectives and key results, projections, and key business metrics to inform the leadership and the entire org of where the business stands. Competitive Analysis: Support full lifecycle of competitive data tracking and analysis for the region, from data vendor procurement and insights generation to understanding of regional and market-level competitor strategiesGovernance: Support nationwide governance, including monthly and quarterly business reviewsProgram / Project management: Support the growth of strategic bets that are being incubated or require strategic leadership and support across the countryLeadership stakeholder management: Foster strong working relationships with leaders from cross-functional teams (Marketing, Finance, HR, Engineering, Product, etc. ) and help elevate Delivery department’s priorities on their agenda ","Với phương châm “Con người là yếu tố cốt lõi của sự phát triển”,  FPT Long Châu luôn tạo ra môi trường làm việc năng động, chuyên nghiệp và đầy thách thức  nơi tôn vinh những tài năng của mỗi cá nhân, tôn trọng từng cá tính khác biệt nhưng có cùng mục tiêu chung. THU NHẬP HẤP DẪNMức lương cạnh tranh và nhiều loại phụ cấp khác nhau cùng thưởng tháng lương 13 hoặc nhiều hơn tuỳ theo sự phát triển kinh doanh tăng trưởng hằng nămTăng lương, thưởng định kỳ theo thâm niênNhiều chương trình nội bộ kèm phần thưởng hiện kim xứng đáng. ĐẦY ĐỦ QUYỀN LỢI: Nhiều chương trình nội bộ ý nghĩa như đào tạo và thi đua nâng cao kĩ năng, hội thao FRT, ngày hội gia đình, chi thưởng ngày lễ, chúc mừng sinh nhật, team building, du lịch hằng năm, cuộc thi vẽ tranh và trao học bổng cho con em CBNV. . . Tham gia đầy đủ các chế độ: BHYT, BHXH, BHTN,. . . Hỗ trợ cho CBNV khi cha mẹ mất, thăm hỏi CBNV ốm đau, nằm việnChính sách hỗ trợ CBNV bị ảnh hưởng bởi Covid-19Khám sức khỏe định kỳ hàng năm. Các phúc lợi nghỉ lễ tết, hiếu hỷ, kết hôn, sinh con. . . PHÁT TRIỂN ĐI XAFPT Long Châu tự tin là nơi định hướng môi trường làm việc tốt nhất cho nhân viên, phát triển cùng sự vững mạnh của công tyCác chương trình đào tạo từ khi nhận việc, đào tạo chuyên môn nâng  Cao, đào tạo kĩ năng quản lýĐược đào tạo theo chính sách công ty, hỗ trợ các khoá đào tạo chuyên sâu Coursera, Udemy,. . . Tham gia Quỹ cộng đồng vì người FRT thực hiện nhiều hoạt động ý nghĩa cho xã hội như ""Long Châu sẻ chia"", ""Quỹ Hy vọng"", xây trường cho trẻ mồ côi,. . . ","Nam/ Nữ, tuổi từ 24 – 30 tuổi (Ưu tiên nam). Tốt nghiệp chuyên ngành Quản trị Nguồn nhân lực, QTKD hoặc các ngành liên quan. Kỹ năng giao tiếp, trình bày tốt. Có khả năng thiết lập và duy trì mối quan hệ. Có kiến thức cơ bản về Quản trị nhân sự, Luật lao động. Có kinh nghiệm lĩnh vực Nhân sự từ 02 năm trở lên. Có kinh nghiệm tuyển dụng tỉnh thuộc các công ty kinh doanh bán lẻ, chuỗi cửa hàng là một lợi thế. ",Toàn thời gian,Hà Nội: số 27 ngách 1 ngõ 178 Thái Hà,1,2,2,Trưởng nhóm,1,2,3/31/2023,2/6/2024,4/3/2023
33,26,Nhân Viên Bán Hàng Store Đồ Công Nghệ,"Acquire new customer-Search and contact the potential big merchants who need to use Ahamove's shipping services. Customer satisfaction and DevelopmentProactive and identify key prospective clients and find ways to associate with them in order to enhance the business: Retain nurtur growth development Strategy Daily Incentive Game (promotion  Campaign for customers); Find x-factors (potential customers). Growth strategy in Holidays/Events; Support new projects (innovation). Also, Product Development:-Product development (improvement add on service). ","Lương cứng 6tr Bonus KPIs (Thu nhập trung bình 7 10tr/tháng). Được đào tạo sản phẩm, kỹ năng giao tiếp, tư vấn, khai thác nhu cầu khách hàng, chuyên nghiệp và xét theo năng lực, có cơ hội trở thành quản lý cửa hàng. Là nhân viên chính thức hưởng mọi chế độ phúc lợi của KATA. Làm việc trong môi trường trẻ trung, năng động, linh hoạt. Sở hữu sản phẩm công ty với giá ưu đãi. Tham gia đóng BHXH, BHYT, BHTN theo quy định của pháp luật. Các chế độ khác theo quy định của pháp luật. ","Tuổi từ 20 30. Tốt nghiệp trung cấp trở lên. Ưu tiên đã có kinh nghiệm bán hàng tại Store. Ngoại hình sáng ưa nhìn, giọng nói truyền cảm, dễ nghe. Nam  Cao từ 1m70, nữ  Cao từ 1m60 trở lên. Kỹ năng giao tiếp và ứng xử tốt. Phỏng vấn và Đào tạo tại Trụ sở Công ty TNHH Thương mại KATA Việt Nam – Tầng 3 G5 FiveStar, 02 Kim Giang, Thanh Xuân, Hà Nội. ",Bán thời gian,Hà Nội: 299 Trung Kính,7,10,5,Nhân viên,0,0,3/26/2024,1/9/2024,4/3/2023
34,4,Nhân Viên Kinh Doanh Phần Mềm,"Quay và chỉnh sửa các video về cảm nhận của khách hàng khi sử dụng dịch vụ của nha khoa. Quay và chỉnh sửa các video của phòng khám. Phối hợp cùng team Content lên ý tưởng, kế hoạch quay quảng cáo. Sắp xếp lịch quay video để hoàn thành KPI video theo tuần. Quay phim, dựng phim, chụp hình phục vụ cho các hoạt động của công ty. Quản lý kho hình ảnh, video. Các công việc khác theo yêu cầu của cấp trên. ","Thu nhập: lương cứng commission theo doanh thuĐược đào tạo nếu chưa có nhiều kiến thức/kỹ năng. Có cơ hội kết nối và học hỏi với nhiều mentor trong network của công ty (các lĩnh vực Marketing, Sales, Quản lý, Công nghệ,. . . ) Được tạo điều kiện thuận lợi để phát huy tối đa khả năng của bản thân. Cơ hội phát triển và thăng tiến trong công việc (nhanh tuỳ năng lực). Tham gia team building cùng công ty. Thời gian làm việc linh hoạt part-time/full-time ","Có kiến thức cơ bản về bán hàng. Có kỹ năng giao tiếp, xử lý tình huống ổn. Có tinh thần ham học hỏi, nhiệt tình, cầu tiến trong công việc. Yêu thích công nghệ và thích tìm hiểu các sản phẩm phần mềm là 1 lợi thế. Có kinh nghiệm sale và telesale là 1 lợi thế (không bắt buộc) ",Bán thời gian,Hà Nội: 290 Nguyễn Trãi,2,6,3,Nhân viên,0,0,3/26/2023,12/18/2023,4/3/2023
35,2,Stock Controlling Supervisor,"Phân tích đối thủ cạnh tranh, khảo sát từ khóa, lập kế hoạch SEO cho dự án website. Đề xuất kế hoạch và thực hiện tối ưu onpage, audit site, offpage …. để tăng thứ hạng website. Theo dõi sự phát triển của website, hiệu quả chiến dịch SEO, đề xuất phương án cải thiện nếu cần. Set up hệ thống vệ tinh và quản trị website vệ tinh. Phối hợp triển khai các chiến dịch, kế hoạch quảng cáo trên hệ thống nền tảng Online. Lập báo cáo thường kỳ theo tháng về kết quả SEO. ","Mon Fri, off Sat & SundayMeal allowance: 50,000 VND/working day. SHUI on full salary package 13rd salary. Add-on health insurance PTIDynamic working environment. Open for  Career Path ","Bachelor Degree – Business Administration, Economics, Logistic2 years working experience in the similar position (especially Retail field)Strong communi Cation, hardworking and  Careful. Strong analytic Cal ability and good in data/ figures. Good at MS OfficeEnglish communi Cation ",Toàn thời gian,Hà Nội: 35 Lê Văn Thiêm,3,8,1,Nhân viên,2,2,3/25/2023,11/4/2024,4/3/2023
36,2,Đào Tạo Quản Lý  Canteen Tập Sự (8-10 Triệu),"Chịu trách nhiệm phát triển các khách hàng mới là đại lý, cửa hàng tạp hóa, siêu thị tiện lợi. Thực hiện việc đi thăm, khảo sát các đại lý hàng ngày tại khu vực phụ trách bằng xe máy. Đảm bảo đầy đủ lượt khảo sát theo chỉ tiêu do quản lý phát triển thị trường giao cho. Truyền tải và đóng góp các ý kiến phản hồi để ngày càng hoàn thiện sản phẩm cho Khách hàng. ","Phúc lợi, chế độ đầy đủ (BHXH, thưởng, trợ cấp, phép năm,. . . ). Miễn phí cơm trưa. Cơ hội tham gia các khóa đào tạo quản lý. Lương tháng 13. Review lương hằng năm ","Tốt nghiệp Đại học, Cao đẳng  chuyên ngành Công nghệ thực phẩm, Quản trị kinh doanh, Quản lý công nghiệp. Độ tuổi từ 22 – 25Nhận đào tạo không cần kinh nghiệmThành thạo vi tính văn phòng, khả năng tổng hợp, thống kê, và báo cáo số liệu. Làm việc tại các cơ sở  Canteen/ nhà máy ",Toàn thời gian,Hà Nội: Số 139K,3,7,10,Nhân viên,0,1,3/25/2024,4/18/2024,4/3/2023
37,19,Nhân Viên Kinh Doanh,Tham gia giảng dạy các lớp IELTS từ 0-. Tham gia xây dựng lộ trình học( Chưa có nhiều kinh nghiệm sẽ được training cầm tay chỉ việc) ,"Lương cơ bản: 10tr. Hoa hồng hấp dẫn. Được cung cấp điện thoại, laptop để làm việc. Được làm trong môi trường chuyên nghiệp, năng động. Chế độ nghỉ phép, nghỉ lễ, du lịch hàng năm, bảo hiểm theo quy định. Các quyền lợi khác theo quy định củɑ nhà nước và Công ty ","Tuổi từ 22-35. Tốt nghiệp trung cấp trở lên, có thể đi công tác ngắn ngày. Tối thiểu 02 năm kinh nghiệm làm sales, ưu tiên sales B2B hoặc sales các mảng sữa, dược, thực phẩm. Kĩ năng giao tiếp tốt, tự tin, có khả năng thuyết phục, chốt saleTrung thực, nhanh nhẹn, có tinh thần trách nhiệm cao trong công việc. ",Toàn thời gian,Hà Nội: KĐT Ngoại Giao Đoàn,10,20,10,Nhân viên,2,2,3/30/2023,7/2/2024,4/3/2023
38,36,Nhân Viên Sale Tư Vấn Bán Hàng Trả Góp,"Nhận và kiểm tra chứng từ kế toán, yêu cầu thay đổi/bổ sung khi cần. Làm thanh toán tiền mặt/chuyển khoản và kiểm soát viêc thanh toán. Quản lý chi phí tạm ứng và kiểm soát công tác phí của nhân viên theo chính sách. Nhập liệu vàp phần mềm kế toán. Chuẩn bị bảng lương và thanh toán lương. Kê khai thuế thu nhập cá nhân, quyết toán và đóng sổ. Rà soát và tính toán chi phí cho marketing/thưởng nội bộ/ chính sách thưởng cho khách hàng theo quy chế của Công ty. Theo sát nhân viên bán hàng trong việc thu nợ quá hạn. Đối chiếu tiền mặt và tài khoản ngân hàng hàng tháng. Lập báo cáo chi phí. Các nhiệm vụ khác được giao bởi quản lý trực tiếp ","Thu nhập: lên đến 20. 000. 000 và 1. 000. 000 phụ cấp Thưởng. Được làm việc trong môi trường trẻ, năng động và chuyên nghiệp, nhiều cơ hội thăng tiếnLàm việc trên 6 tháng có cơ hội thăng tiến lên CHUYÊN VIÊN với đãi ngộ hấp dẫn hơn. Lương thưởng theo quy định nhà nước. ",Trình độ tương đương THPT/ Cao đẳng /Đại học trở lên. Có kinh nghiệm về tư vấn bán hàng. Ưu tiên ứng viên có kinh nghiệm trong lĩnh vực tư vấn bán hàng trả góp. ,Toàn thời gian,Hà Nội: 65 Thái Hà,7,12,3,Nhân viên,0,1,3/30/2023,12/1/2023,4/3/2023
39,12,Nhân Viên Kinh Doanh Thu Nhập Gồm: Lương Cơ Bản Hoa Hồng Phụ Cấp,"Tìm kiếm, duy trì và phát triển mạng lưới khách hàng tiềm năng (trực tiếp hoặc gián tiếp). Giới thiệu, tư vấn và thuyết phục các khách hàng sử dụng sản phẩm/dịch vụ của phòng tập. Tiếp nhận, xử lý các vấn đề và góp ý của khách hàng để đảm bảo được sự hài lòng, tin tưởng của họ. Báo cáo lên các cấp quản lý về nhu cầu, vấn đề, mối quan tâm của khách hàng. ","Lương thỏa thuận (Lương cứng hoa hồng doanh số phụ cấp) tùy theo năng lực làm việc đạt doanh số tháng. Thu nhập từ 1520 triệu/tháng. Được lương thưởng tháng 13, lễ Tết, đi du lịch mỗi năm theo lịch công ty.
Được đóng BHXH, BHYT theo quy định Nhà nước
Làm việc trong môi trường trẻ, năng động, nhiều cơ hội học tập, phát triển, và được hưởng đãi ngộ phù hợp với năng lực ","Tốt Nghiệp Trung cấp các ngành Quản Trị Kinh Doanh, Ngoại Thương
Tốt nghiệp các trường y, dược là một lợi thế
Có ít nhất 01 năm kinh nghiệm làm việc trong lĩnh vực bán hàng/ kinh doanh.
Có khả năng sử dụng tiếng Anh ( nghe nói đọc viết)
Sử dụng thành thạo Vi Tính Văn Phòng ( Word, Excel, Outlook, …
Yêu thích kinh doanh,giao tiếp tốt, tác phong chuyên nghiệp, năng động.
Giọng nói dễ nghe, có kinh nghiệm làm việc qua điện thoại.
Chịu khó, cầu tiến, làm việc có kế hoạch.
Làm việc độc lập, chịu được áp lực và biết phối hợp nhóm khi cần thiết. ",Toàn thời gian,Hà Nội: Cầu Giấy,15,30,5,Nhân viên,0,0,3/29/2024,3/6/2024,4/3/2023
40,14,Thực Tập Sinh Tuyển Dụng C&B,"Tổ chức thực hiện lập, tính toán và kiểm tra khái toán, tổng mức đầu tư, ngân sách dự án. Tổ chức thực hiện lập, tính dự toán/ ngân sách gói thầu. Hoàn thành báo cáo ngân sách gói thầu. Quản lý và kiểm soát chi phí dự toán/ ngân sách tổng mức đầu tư phê duyệt trong quá trình triển khai dự án. Xây dựng bộ suất vốn đầu tư thực tế thi công cho các loại hình công trình. Rà soát tối ưu chi phí dự toán/ ngân sách xây dựng. Số lượng đề xuất tối ưu được ghi nhận. Theo dõi danh mục gói thầu và tiến độ phối hợp đã phê duyệt để tiếp nhận hồ sơ thiết kế phát hành từ các bộ phận thiết kế, quản lý thiết kế/ thẩm tra. Tìm kiếm nhà thầu, nhà cung cấp, lấy báo giá thực tế để lập dự toán/ ngân sách. Phản hồi các vấn đề có lỗi trong hồ sơ thiết kế đã phát hành với các bộ phận thiết kế và đưa giải pháp khắc phục. Tổ chức thực hiện công việc đúng theo quy trình quy định của Cty A79 Đảm bảo đúng quy định quy trình. Tổ chức quản lý, lưu trữ hồ sơ nội bộ Đảm bảo đúng trình tự sắp xếp ","Cơ hội chuyển sang chính thức cao (6-9 triệu thưởng thêm). Đóng BHXH, Nghỉ phép, Du lịch du xuân. Đào tạo bài bản, tận tình. Làm việc trong chuỗi bán lẻ uy tín trên thị trường. Thưởng 1 tháng lương","CĐ, Đại học chuyên ngành có liên quan đến HR:
Có khả năng làm việc nhóm
Năng động, nhiệt tình
Chăm chỉ, ham học hỏi và tìm tòi cái mới
Luôn có tinh thần trách nhiệm, hoàn thành tốt những đầu việc được giao
Ham học hỏi, có tinh thần cầu tiến
Có khả năng kết nối, trò chuyện và liên kết mọi người với nhau
Có hiểu biết và hứng thú tìm hiểu các quy định về lương thưởng, bảo hiểm, luật lao động,. . . ",Toàn thời gian,Hồ Chí Minh: 469 Nguyễn Hữu Thọ,0,4,2,Nhân viên,0,1,3/31/2023,8/23/2023,4/3/2023
41,10,Nhân Viên Telesale,"Tiếp nhận thông tin từ chuyên viên thiết kế Heating, Ventilating, and Air Conditioning, nghe hướng dẫn thực hiện công việc từ Chuyên viên, Chủ trì, hoặc Trưởng nhóm, cụ thể: Vẽ hệ thống mặt bằng và sơ đồ single-split trong căn hộ mẫu, điển hình, vẽ thực hiện theo mẫu đã thiết kế sẵn bao gồm: Điều hòa âm trần nối ống gió trong căn hộ (vẽ ống mềm và phụ kiện, )Dàn lạnh treo tường trong căn hộ, Dàn lạnh  Cassetle trong căn hộ, Hệ thống thoát nước ngưng, Hệ thống ống gasHệ thống thoát mùi wc, Hệ thống thoát khói bếp. Hệ thống cấp gió tươi ",Được làm việc trong môi trường trẻ trung năng động. Chưa có kinh nghiệm sẽ được đào tạo. Được hưởng nhiều chế độ thưởng hấp dẫn ,"Sinh viên các trường Đại học, Cao đẳng  hoặc Trung cấp tại Hà Nội. Có laptop cá nhân. Có khả năng giao tiếp tốt, linh hoạt, giọng nói dễ nghe, không nói ngọng. ",Bán thời gian,Hồ Chí Minh: 22c Phan Thúc Duyện phường 4 Tân Bình HCM,12,20,4,Thực tập sinh,0,0,5/3/2024,2/6/2024,4/3/2023
42,24,Quản Lý Kho Vận Tại Siêu Thị Điện Máy ( Khu Vực Hà Tĩnh ),"Rèn luyện thói quen làm việc chuyên nghiệp, khoa học theo định hướng của công ty. Tiếp nhận thông tin từ quản lý trực tiếp, trưởng phòng, HCNS:Tìm hiểu về văn hóa công ty, văn hóa doanh nghiệp. Tham gia các lớp đào tạo về văn hóa làm việc, quản trị thời gian, email, …Quan sát, học hỏi cách làm việc của nhóm, của phòng, công ty. Nâng  Cao kỹ năng, nghiệp vụ chuyên môn, nắm bắt được lý thuyết, quy chuẩn, thiêu chuẩn trong thiết kế. Tiếp nhận thông tin từ quản lý trực tiếp, nhân viên chuyên môn, trưởng phòng:Nắm vững các bước thiết kế, áp dụng lý thuyết vào việc thiết kếĐọc, hiểu, áp dụng các bảng tính của bộ mônĐọc và xây dựng bảng so sánh các quy định tiêu chuẩn Việt Nam với quốc tếThực hành sử dụng các phần mềm  CaD, REVIT, DIALUX. Đảm bảo các phần công việc của bộ môn được giao hoàn thành đúng tiến độ. Tiếp nhận thông tin từ quản lý trực tiếp: Tham gia trực tiếp một dự án từ bước thiết kế ý tưởng, thiết kế cơ sở, thiết kế kỹ thuật, thiết kế thi công. Tham gia vẽ sơ đồ nguyên lý. Tham gia vẽ bố trí thiết bị phòng kỹ thuậtTham gia vẽ bố trí, cấp nguồn chiếu sáng, ổ cắm. Tham gia xây dựng mô phỏng dialux. Tham gia xuất hồ sơ ","Thu nhập 6 10tr/tháng (Thu nhập = Lương cơ bản Phụ cấp Thưởng). Được hưởng đầy đủ chế độ bảo hiểm theo quy định. Được tham gia các chương trình đào tạo nâng cao chuyên môn, nghiệp vụ. Cơ hội thăng tiến rộng mở. Được nghỉ các ngày Lễ Tết, Hiếu Hỷ, Đám cưới hỏi. . . . Đồng phục công ty. . . ","Nam/Nữ từ 22-40 tuổi. Tốt nghiệp tối thiểu Trung cấp (Ưu tiên Nam). Có kinh nghiệm làm Thủ kho/Quản lý điều vận/Giám sát điều vận tối thiểu 6 tháng, quản lý từ 5 nhân viên trở lên. Thành thạo tin học văn phòng. Sức khoẻ tốt, trung thực, trách nhiệm ",Toàn thời gian,Hà Nội: Địa điểm kinh doanh khu vực Đống Đa,6,10,2,Thực tập sinh,0,1,3/31/2024,6/30/2023,4/3/2023
43,4,Thực Tập Sinh Purchasing,"Triển khai chi tiết kết cấu thông thường. Theo báo cáo tuần, ngày. Làm đầu mối khớp nối ME, kiến trúc 1-2 dự án. Theo tiến độ dự án. Tính toán, vào mô hình Etabs. Ngày làm việc thoải mái. Tính toán sàn cáp dự ứng lực. (không bắt buộc) 3 ngày làm việc. Lập phụ lục tính toán cấu kiện. Phối hợp KT, MEP Theo cập nhật của dự ánTuyển dụng này tuân thủ chính sách công bằng và không phân biệt giới tính ",Competitive Benefits: 250. 000/dayWork in one of Best Companies to Work for in AsiaShuttle bus from HanoiBe trained by function expertInternship certifi Cation ,"Good communi, Cation skill, teamwork, resilienceHigh commitment to the task/project. Prefer Candidates with long-term commitmentGood in Excel, Outlook ",Thực tập,Hà Nội: số 27 ngách 1 ngõ 178 Thái Hà,5,5,1,Quản lý,0,0,3/31/2023,1/29/2024,4/3/2023
44,11,Nhân Viên Kinh Doanh Tư Vấn Phần Mềm (Thu Nhập Từ 15 30 Triệu),"Thực hiện tính toán khái toán, tổng mức đầu tư, ngân sách dự án. Thực hiện tính toán dự toán/ ngân sách gói thầu. Quản lý dự toán/ ngân sách đã phê duyệt trong quá trình triển khai dự án. Tiếp nhận hồ sơ thiết kế từ các bộ phận thiết kế, quản lý thiết kế/thẩm tra. Tính khối lượng BQ chào thầu và đơn giá vật tư/ thiết bị cho các công trình dân dụng, khách sạn, biệt thự, hạ tầng kỹ thuật …. Tìm nhà thầu, nhà cung cấp, lấy báo giá thực tế để lập dự toán/ngân sách. Phối hợp với các bộ phận thiết kế để đảm bảo các yêu cầu về tính chính xác giữa hồ sơ khối lượng BQ, hồ sơ dự toán/ngân sách và hồ sơ thiết kết phát hành. Phản hồi các vấn đề có lỗi với bộ phận thiết kế và đưa giải pháp khắc phục ","Thu nhập:
Lương cứng thưởng doanh số Thưởng khác trợ cấp kinh doanh, hoa hồng từ 10%-20% (tùy theo từng loại sản phẩm).
Thu nhập trung bình NVKD từ 15 – 30 triệu/ tháng.
Lương cứng . 000. 000 . 000. 000 VNĐ/tháng. Lương cứng tăng theo số năm thâm niên hoặc tăng theo lũy kế doanh số.
Ngoài doanh số mới trong tháng, còn được hưởng doanh số từ doanh số gia hạn phần mềm từ Khách hàng cũ.
Phụ cấp:
Trợ cấp tiền điện thoại, trợ cấp tiền ăn trưa 2. 000/ngày, trợ cấp tiền gửi xe (Trợ cấp tăng theo bậc của nhân viên kinh doanh 120%, 150% hoặc 200% so với mức cơ bản của công ty).
Được hưởng đầy đủ các chế độ theo Luật Lao động Việt Nam (BHXH, BHYT…).
Các chế độ phúc lợi khác: Thưởng các ngày lễ Tết dương, 8/3, 30/4 & 1/5, 2/9, sinh nhật (cố định 700. 000/người), cưới xin (Cố định . 000. 000/ người 1 tuần nghỉ phép), ma chay…. Tham quan, nghỉ mát tối thiểu 1 lần / 1 năm. Thưởng tết tháng thứ 13 Thưởng KQKD của năm.
Được làm việc trong môi trường công nghệ năng động, ổn định và có thể gắn bó lâu dài.
Công ty có tập KH rộng lớn, nhu cầu thị trường với phần mềm  Cao, công ty cung cấp data chất lượng  Cao.
Thời gian đào tạo về phần mềm ( đào tạo cho 2 sản phẩm phần mềm trong thời gian 1 tuần).
Được đào tạo kỹ năng bán hàng, kỹ năng đàm phán, thuyết phục, kỹ năng trình bày. . . .
Chính sách khác:
NVKD/NV telesales có lộ trình thăng tiến rõ ràng, nhiều cơ hội phát triển.
Data công ty cung cấp. ","Yêu cầu:
Nam: Tuổi từ 22 – 35 tuổi.
Nữ: Tuổi từ 22 29 tuổi.
Tốt nghiệp Cao đẳng  trở lên.
Yêu thích kinh doanh, không yêu cầu kinh nghiệm ở lĩnh vực này.
Ưu tiên ứng viên có kinh nghiệm làm dự án, đi thị trường. ",Toàn thời gian,Hà Nội: 28 liền kề 5,15,30,10,Giám sát,0,1,3/20/2023,6/25/2023,4/3/2023
45,7,Nhân Viên Content Creative,"Hỗ trợ triển khai các bản vẽ thiết kế kỹ thuật thi công các công trình, dự án của Tập đoàn. Hỗ trợ diễn họa 3D, dựng mô hình REVIT. Sử dụng các phần mềm diễn họa 3D để triển khai thiết kế ý tưởng cho các công trình. Các công việc khác theo sự phân công, chỉ đạo từ quản lý. ","LƯƠNG: 15-18 triệu, các phúc lợi cạnh tran. Bảo hiểm và các chế độ khác theo quy định của Pháp luật. Một năm tối thiểu 1 lần nghỉ dưỡng tại các khu nghỉ dưỡng cao cấp Hưởng đầy đủ các quyền lợi theo tiêu chuẩn của vị trí. Môi trường làm việc chuyên nghiệp, văn phòng chuẩn 5 sao ","Độ tuổi: 24 – 30. Tốt nghiệp đại học chuyên ngành báo chí, truyền thông, PR, Marketing hoặc các chuyên ngành liên quan. Có kinh nghiệm trong việc xây dựng và phát triển các kênh Social media. Có khả năng thiết kế trên các phần mềm thiết kế đơn giản như Canvas, Pts. Ứng viên có khả năng sáng tạo content tốt, có nhiều ý tưởng mới, hiện đại, hợp xu hướngTừ 3 năm kinh nghiệm ở các Tập đoàn lớn, phụ trách các hoạt động quảng bá, marketing, thương hiệu sản phẩm, ưu tiên kinh nghiệm trong ngành Time Share, Du lịch nghỉ dưỡng hoặc Bất động sản. Tiếng Anh thành thạo, giao tiếp tốt. Tư duy logic tổng hợp  quản trị dự án và nhà cung cấp tốt  có khả năng làm việc với nhiều đối tác và nội bộ Công ty. ",Toàn thời gian,Hà Nội: Việt Hùng-Đông Anh-Hà Nội,15,18,1,Nhân viên,2,2,3/31/2024,4/8/2024,4/3/2023
46,7,Kế Toán Thuế,"Thực hiện đúng các quy định về an toàn giao thông, bảo đảm an toàn cho người, xe và hàng hoá trên đường công tác, làm việc theo nguyên tắc “lái xe an toàn và tiết kiệm”. Có trách nhiệm giữ gìn và bảo quản xe tốt. Bảo đảm xe luôn sạch sẽ và trong tình trang sẵn sàng phục vụ. Luôn kiểm tra xe nhằm phát hiện và khắc phục kịp thời các hư hỏng, bảo trì xe theo định kỳ, cập nhật đầy đủ vào sổ theo dõi thiết bị. Giữ mối quan hệ tốt với các đơn vị sửa chữa, bảo trì xe thường xuyên cho Công ty. Giữ bí mật nội dung công việc của cán bộ hoặc nhân viên trao đổi trên xe, không bàn tán, tham gia, tung tin, nói xấu xuyên tạc sự thật làm giảm uy tín của khách và Công ty. Báo cáo trong thời gian sớm nhất mọi sự cố xảy ra trong quá trình lưu thông cho cấp trên hoặc ban Hành chính, bao gồm: tai nạn giao thông, xe hỏng nặng,. . . để có biện pháp xử lý kịp thời và thích hợp. Có trách nhiệm báo cáo hàng tháng tình hình sử dụng xăng dầu, vé cầu phà, bến bãi, bảo dưỡng, thay dầu, sửa chữa xe, . . . cho cán bộ phụ trách và Ban Giám đốc Công tyChủ động khắc phục và giải quyết các sự cố phát sinh khi tham gia giao thông. Phục vụ kịp thời và có chất lượng cao các yêu cầu của Công ty ","Mức lương: Thỏa Thuận tùy theo năng lực (Từ 5 . 000. 000 -10. 000. 000 đồng/tháng). Lương tháng 13. Xét tăng lương 1 năm/lần. Đóng BHXH, BHYT theo bộ luật lao động. Chế độ nghỉ lễ Tết, đi du lịch hằng năm. Được làm việc trong môi trường năng động, trẻ trung, đầy nhiệt huyết. Được tham gia các hoạt động team building và sự kiện lớn trong năm độc đáo, hấp dẫn. Cơ hội thăng tiến, phát triển cao. ","Tốt nghiệp Cao đẳng /đại học chính quy chuyên ngành Kế toán từ 2-3 năm kinh nghiệm làm việc ở vị trí tương đương. Kỹ năng MS Office tốt, đặc biệt Work, Excel và Outlook, Quản lý cơ sở dữ liệu, biết sử dụng phần mềm misa. Định hướng công việc ổn định, lâu dài  đam mê trong công việc. ",Toàn thời gian,Hà Tĩnh: Số 120 Trần Phú,10,12,2,Nhân viên,1,2,9/3/2023,7/11/2023,4/3/2023
47,20,Nhân Viên Hướng Dẫn Khu Vui Chơi Part-Time Tại Hải Phòng,"Hành chínhHỗ trợ tổ các sự kiện nội bộ của công ty như: sinh nhật quý, 8/3, hội thảo, tọa đàm, party, team building, …Đầu mối các công tác hậu cần liên quan. Quản lý môi trường và không gian làm việc (vệ sinh, cảnh quan, môi trường, cây xanh) đảm bảo sạch sẽ, gọn gàng, đầy đủ trang thiết bị phục vụ nhu cầu công việc của cán bộ nhân viên. Quản lý theo dõi tài sản và trang thiết bị, cơ sở vật chất công ty. Thực hiện các công việc khác theo yêu cầu của cấp trên. Nhân sự, hỗ trợ công tác cập nhật thông tin nhân sự. Hỗ trợ sắp xếp, lọc, lưu trữ hồ sơ nhân sự. Hỗ trợ công tác tuyển dụng. Hỗ trợ công tác tiếp nhận nhân sự mới, ký HĐLĐ và các thủ tục nghỉ việc. Thực hiện các công việc khác theo sự phân công của quản lý. ","Lương: 22,500 - 25,000 VNĐ/giờ. Lương thưởng hấp dẫn. Môi trường làm việc thân thiện, năng động và sáng tạo. Thường xuyên có các hoạt động tập thể. Ngày lễ, Tết được tính theo mức lương X3 quy định nhà nước. Bảo hiểm tai nạn 24/24","Yêu thích ngành dịch vụ, thể thao, vui chơi giải trí. Năng động, khỏe khoắn, nhiệt tình, chăm chỉ, ham học hỏi. Anh văn giao tiếp căn bản. Có thể làm việc theo ca, lễ , tết ",Bán thời gian,Hải Phòng: Tầng 3 TTTM AEON Mall Hải Phòng,8,20,20,Nhân viên,0,0,3/31/2024,11/20/2023,4/3/2023
48,13,Kế Toán Kho Hàng Thời Trang (Hà Nội),"Đánh giá đề cương khảo sát địa chất địa hình, thông số đầu vào cho kết cấu theo TCVN và TC Quốc tế. Quản lý & Lập, kiểm tra, kiểm soát khối lượng thanh quyết toán, dự toán các công việc phát sinh. Giám sát khối lượng, nghiệm thu khối lượng hạng mục cho nhà thầu thi công. Bám sát tiến độ thực hiện công việc. Nêu lên các vướng mắc có thể xẩy ra khi triển khai tiến độ dự án. Kiểm tra hồ sơ kết cấu giao thông, hạ tầng, san nền – Thuyết minh và tính toán kết cấu. Triển khai thiết kế bản vẽ giao thông, san nền, thuyết minh nếu cần. Phác thảo nhanh các mặt cắt địa hình và có giải pháp kết cấu phù hợp. Chịu trách nhiệm tập hợp lập bản vẽ hoàn công theo thanh toán các giai đoạn và quyết toán. Chịu trách nhiệm tập hợp các bản vẽ biện pháp thi công và quy hoạch tổng mặt bằng. Đảm bảo đúng nhiệm vụ thiết kế và chủ trương của lãnh đạo. Phân tích và cảnh bảo các rủi ro có thể xảy ra để báo cáo ban lãnh đạo. Kiểm soát hồ sơ bản vẽ và kết nối với  Các bộ môn kết cấu, hạ tầng, MEPF. Đánh giá tiến độ thiết kế, kiểm tra sự đồng bộ của giải pháp thiết kế với các bộ môn như kết cấu, quy hoạch, hạ tầng, cơ điện, nội thất, cảnh quan. Góp ý, phản biện về hồ sơ bản vẽ thiết kế cơ sở, hồ sơ bản vẽ kỹ thuật. Đảm bảo chính xác khớp nối các bộ môn. Thống nhất với các trưởng bộ phận trước khi chuyển bản vẽ và thông tin ra công trường thi công. Đưa ra phương án kết cấu cho đơn vị TVTK, theo dõi, kiểm tra hồ sơ thiết kế kết cấu hạ tầng các công trình giao thông do công ty giao TVTK. Rà soát tất cả hồ sơ phát hành bao gồm: nhiệm vụ thiết kế, hồ sơ thiết kế các bước phục vụ pháp lý, thẩm tra, thẩm định, đấu thầu và thi công xây dựng đảm bảo phù hợp tổng thể dự án. Chịu trách nhiệm báo cáo công việc thực hiện, báo cáo tuần, tháng. Kí duyệt và thống nhất với các trưởng bộ phận trước khi chuyển bản vẽ và thông tin ra công trường thi công. Kiểm tra, bổ sung thuyết minh chung, chỉ dẫn kỹ thuật. Hoàn thành các công việc khác tùy theo yêu cầu của cấp trên. Chủ động liên hệ làm việc với các nhà thầu tư vấn thiết kế để bổ sung, điều chỉnh các chi tiết còn thiếu trong bản vẽ thiết kế để làm rõ cho nhà thầu thi công đúng ý tưởng thiết kế. Xây dựng và cung cấp hồ sơ thiết kế cho Phòng cung ứng lập hồ sơ thầu cho các gói thầu liên quan đến thiết kế. Kí duyệt và thống nhất với các trưởng bộ phận trước khi chuyển bản vẽ và thông tin ra công trường thi công. ","Thu nhập: 8-11 Triệu/Tháng (bao gồm lương cứng phụ cấp thưởng thành tích), dao động tuỳ theo năng lực trình độ và kinh nghiệm làm việc.
Có thưởng quý khi hoàn thành tốt công việc, có phụ cấpĐánh giá tăng lương định kỳ.
Làm việc Giờ hành chính (8h30 – 18h00, Nghỉ trưa 1 tiếng)
Chế độ nghỉ phép, nghỉ Lễ Tết
Thưởng lễ, tết theo quy định
Chế độ BHXH, BHYT, BHTN theo quy định.
Làm việc trong môi trường tốt, thân thiện, cởi mở ","Tốt nghiệp Cao đẳng  trở lên. Biết sử dụng: Word, Excel, phần mềm kế toán
Sức khỏe tốt, Nhanh nhẹn, Trung thực, tinh thần trách nhiệm  Cao.
Chăm chỉ, cẩn thận, chi tiết
Kỹ năng làm việc độc lập hoặc theo nhóm. ",Toàn thời gian,Vĩnh Phúc: Bình Xuyên,8,11,1,Nhân viên,0,0,9/3/2024,3/16/2024,4/3/2023
49,11,Infrastructure Engineer,"Tiếp nhận thông tin, nghe hướng dẫn thựchiện công việc từ Chuyên viên, Chủ trì, hoặc Trưởng nhóm ELV, cụ thể: Vẽ mặt bằng, mặt cắt, lắp đặt thiết bị và sơ đồ nguyên lý hệ thống ELV. Viết thuyết minh giải pháp hệ thống, lên BoQ. Các hệ thống ELV thực hiện:Hệ thống mạng, wifi hệ thống thoại, hệ thống  Camera giám sát, access control, hệ thống Data center, hệ thống BMS, hệ thống Âm thanh (PA, AV), hệ thống  Car Parking ","Competitive Remuneration
Performance Bonus and 13th Salary
UK/French Working Environment
Sick Leave paid by SCC.
SCC Health  Care with comprehensive coverage including Accident 24/24, Inpatient, Outpatient, Dental  Care and open policy for Dependents.
Annual Health Check.
Company Annual Trip and Year End Party.
Travel Insurance and Per Diem Allowance when travelling onsite. ","Essential requirements:
Able to work as a member of a team but also manage up, across and down where required
Ability to troubleshoot complex, techni Cal, multi-site and multi-disciplinary problems and incidents Ability to use the Service Desk tool to manage incidents/changes/problems tickets
Good English communi Cations skills, both oral and written. Ideally, experience of working for an international company with travel to and from VietnamStrong background with core network and compute technologies in large-s Cale deployments
Minimum 3-5 years’ experience providing support to enterprise level clients in at least TWO of the below numbered Infrastructure areasAdvanced techni Cal knowledge of virtualization technologies (vCenter, vSphere, ESXi, DRS, vMotion, HA, FT, SRM, SCVMM)Solid techni Cal knowledge of End User VDI and virtualization technologies (XenApp, XenDesktop, VMware Horizon, VMware View, Nets Caler, App-V, AppSense,  CaG, CSG, EdgeSite, Director, PVS/MCS, Thin Clients) Advanced techni Cal Knowledge and hands on experience in the below technologies or variants of in an enterprise level support environment:Microsoft server products (Windows 2003 to 2012 R2)
Microsoft AD (Active Directory) and integrated elements/technologies such as DNS, GPO, DHCP, AD DS and RBAC, DFS, DFSR, Azure, AWS techni Cal supportSCCM including patch management, build image and appli Cation deployment
Anti-Virus solutions with key products being M Cafee & Symantec
Web Filtering products (WebSense/Symantec/TMG/etc. )
Endpoint Encryption products
Server Hardware Support (HP/IBM/Dell/Cisco)
Advanced techni Cal knowledge of Exchange technologies (Exchange, Office 365, ISA / TMG / Forefront, Symantec EV, Mime Cast, Websense)Document new and existing processes
Customer facing experience as you will be working with techni Cal, process and customer facing documentation. Desirable requirements:
ITIL qualifi Cation or awareness of the ITIL processes
Experience of Techni Cal Support within Public cloud based providers ( Azure, AWS)
Experience with Monitoring, Automation and Service provider ticketing toolsets (SCOM, ServiceNow, Remedy, Network monitoring)Scripting and Automation knowledge
Degree in Computer Science, Software Engineering, MIS or equivalent preferred
Experience of working in a multi-client solutions provider
Experience of design and delivery within Wintel, VMware/Hyper-V, Exchange and Citrix environment ",Toàn thời gian,Hà Nội: Hoàn Kiếm,5,10,1,Nhân viên,2,3,3/26/2024,6/13/2024,4/3/2023
50,12,"Nhân Viên Kinh Doanh Thị Trường Tại Đắk Lắk, Đắk Nông","Đánh giá đề cương khảo sát địa chất địa hình, thông số đầu vào cho kết cấu theo TCVN và TC Quốc tế. Quản lý & Lập, kiểm tra, kiểm soát khối lượng thanh quyết toán, dự toán các công việc phát sinh. Giám sát khối lượng, nghiệm thu khối lượng hạng mục cho nhà thầu thi công. Bám sát tiến độ thực hiện công việc. Nêu lên các vướng mắc có thể xẩy ra khi triển khai tiến độ dự án. Kiểm tra hồ sơ kết cấu giao thông, hạ tầng, san nền – Thuyết minh và tính toán kết cấu. Triển khai thiết kế bản vẽ giao thông, san nền, thuyết minh nếu cần. Phác thảo nhanh các mặt cắt địa hình và có giải pháp kết cấu phù hợp. Chịu trách nhiệm tập hợp lập bản vẽ hoàn công theo thanh toán các giai đoạn và quyết toán. Chịu trách nhiệm tập hợp các bản vẽ biện pháp thi công và quy hoạch tổng mặt bằng. Đảm bảo đúng nhiệm vụ thiết kế và chủ trương của lãnh đạo. Phân tích và cảnh bảo các rủi ro có thể xảy ra để báo cáo ban lãnh đạo. Kiểm soát hồ sơ bản vẽ và kết nối với  Các bộ môn kết cấu, hạ tầng, MEPF. Đánh giá tiến độ thiết kế, kiểm tra sự đồng bộ của giải pháp thiết kế với các bộ môn như kết cấu, quy hoạch, hạ tầng, cơ điện, nội thất, cảnh quan. Góp ý, phản biện về hồ sơ bản vẽ thiết kế cơ sở, hồ sơ bản vẽ kỹ thuật. Đảm bảo chính xác khớp nối các bộ môn. Thống nhất với các trưởng bộ phận trước khi chuyển bản vẽ và thông tin ra công trường thi công. Đưa ra phương án kết cấu cho đơn vị TVTK, theo dõi, kiểm tra hồ sơ thiết kế kết cấu hạ tầng các công trình giao thông do công ty giao TVTK. Rà soát tất cả hồ sơ phát hành bao gồm: nhiệm vụ thiết kế, hồ sơ thiết kế các bước phục vụ pháp lý, thẩm tra, thẩm định, đấu thầu và thi công xây dựng đảm bảo phù hợp tổng thể dự án. Chịu trách nhiệm báo cáo công việc thực hiện, báo cáo tuần, tháng. Kí duyệt và thống nhất với các trưởng bộ phận trước khi chuyển bản vẽ và thông tin ra công trường thi công. Kiểm tra, bổ sung thuyết minh chung, chỉ dẫn kỹ thuật. Hoàn thành các công việc khác tùy theo yêu cầu của cấp trên. Chủ động liên hệ làm việc với các nhà thầu tư vấn thiết kế để bổ sung, điều chỉnh các chi tiết còn thiếu trong bản vẽ thiết kế để làm rõ cho nhà thầu thi công đúng ý tưởng thiết kế. Xây dựng và cung cấp hồ sơ thiết kế cho Phòng cung ứng lập hồ sơ thầu cho các gói thầu liên quan đến thiết kế. Kí duyệt và thống nhất với các trưởng bộ phận trước khi chuyển bản vẽ và thông tin ra công trường thi công. ","Thu nhập nhân viên thửu việc lên tới 1. 000. 000 đồng/tháng. Thu nhập nhân viên chính thức tới 20. 000. 000 đồng/tháng. Được đào tạo bài bản về kiến thức Dược và kỹ năng Kinh doanh, Bán hàng. Tham gia đầy đủ các chính sách, theo đúng quy định của pháp luật. Phúc lợi hấp dẫn: Thưởng chỉ, Thưởng Quý, Thưởng Lễ – Tết, sinh nhật, du lịch  hỗ trợ đau, cưới hỏi, sinh con,… ","Nam: 1985-2000– Tốt nghiệp Trung cấp trở lên (Không phân biệt ngành nghề). Yêu thích kinh doanh, bán hàng. Yêu thích khám phá, di chuyển, xây dựng mối quan hệ. Không khó khăn, thử thách. Hòa đồng và có tinh thần xây dựng môi trường làm việc lành mạnh, sáng tạo. ",Toàn thời gian,Hà Nội: Tòa 17T6 Hoàng Đạo Thúy,12,20,5,Nhân viên,0,0,3/30/2024,3/6/2024,4/3/2023
